ISO-10303-21;
HEADER;
/* Generated by software containing ST-Developer
 * from STEP Tools, Inc. (www.steptools.com) 
 */
/* OPTION: using custom renumber hook */

FILE_DESCRIPTION(
/* description */ ('STEP AP242',
'CAx-IF Rec.Pracs.---Representation and Presentation of Product Manufa
cturing Information (PMI)---4.0---2014-10-13',
'CAx-IF Rec.Pracs.---3D Tessellated Geometry---0.4---2014-09-14','2;1'),

/* implementation_level */ '2;1');

FILE_NAME(
/* name */ '68277588aed9bc09b0aa69de',
/* time_stamp */ '2025-05-16T17:27:36Z',
/* author */ (''),
/* organization */ (''),
/* preprocessor_version */ 'ST-DEVELOPER v20',
/* originating_system */ 'ONSHAPE BY PTC INC, 1.197',
/* authorisation */ '  ');

FILE_SCHEMA (('AP242_MANAGED_MODEL_BASED_3D_ENGINEERING_MIM_LF { 1 0 10303 442 1 1 4 }'));
ENDSEC;

DATA;
#10=CIRCLE('',#2110,0.003);
#11=CIRCLE('',#2117,0.003);
#12=CIRCLE('',#2237,0.003);
#13=CIRCLE('',#2246,0.003);
#14=ELLIPSE('',#2095,0.003521718328,0.0022);
#15=ELLIPSE('',#2096,0.003111269837,0.0022);
#16=ELLIPSE('',#2099,0.003111269837,0.0022);
#17=ELLIPSE('',#2100,0.003521718328,0.0022);
#18=ELLIPSE('',#2103,0.003111269837,0.0022);
#19=ELLIPSE('',#2104,0.003111269837,0.0022);
#20=ELLIPSE('',#2106,0.000425429724194595,0.0003);
#21=ELLIPSE('',#2109,0.004242640688,0.003);
#22=ELLIPSE('',#2112,0.004242640687,0.003);
#23=ELLIPSE('',#2113,0.004242640687,0.003);
#24=ELLIPSE('',#2116,0.004242640688,0.003);
#25=ELLIPSE('',#2119,0.000425429724194595,0.0003);
#26=ELLIPSE('',#2121,0.000343217143542221,0.0003);
#27=ELLIPSE('',#2122,0.000343217143489737,0.0003);
#28=ELLIPSE('',#2124,0.000632255172,0.0003);
#29=ELLIPSE('',#2125,0.000447071919990268,0.0003);
#30=ELLIPSE('',#2127,0.000447071919990268,0.0003);
#31=ELLIPSE('',#2128,0.000343217143542221,0.0003);
#32=ELLIPSE('',#2130,0.000343217143489737,0.0003);
#33=ELLIPSE('',#2131,0.000425429724194595,0.0003);
#34=ELLIPSE('',#2133,0.003521718328,0.0022);
#35=ELLIPSE('',#2134,0.003111269838,0.0022);
#36=ELLIPSE('',#2136,0.003521718328,0.0022);
#37=ELLIPSE('',#2138,0.003111269838,0.0022);
#38=ELLIPSE('',#2141,0.004802343174,0.003);
#39=ELLIPSE('',#2142,0.004802343174,0.003);
#40=ELLIPSE('',#2145,0.000632255171999885,0.0003);
#41=ELLIPSE('',#2148,0.000447071919990268,0.0003);
#42=ELLIPSE('',#2149,0.000343217143542221,0.0003);
#43=ELLIPSE('',#2151,0.000447071919990268,0.0003);
#44=ELLIPSE('',#2153,0.000343217143542221,0.0003);
#45=ELLIPSE('',#2154,0.000632255172,0.0003);
#46=ELLIPSE('',#2156,0.000343217143489737,0.0003);
#47=ELLIPSE('',#2158,0.000632255171999885,0.0003);
#48=ELLIPSE('',#2161,0.000425429724194595,0.0003);
#49=ELLIPSE('',#2162,0.000343217143489737,0.0003);
#50=ELLIPSE('',#2167,0.000447071919502413,0.0003);
#51=ELLIPSE('',#2173,0.000447071919502413,0.0003);
#52=ELLIPSE('',#2175,0.000447071919502413,0.0003);
#53=ELLIPSE('',#2177,0.000447071919502413,0.0003);
#54=ELLIPSE('',#2179,0.000447071919502413,0.0003);
#55=ELLIPSE('',#2180,0.000447071919502413,0.0003);
#56=ELLIPSE('',#2181,0.000447071919502413,0.0003);
#57=ELLIPSE('',#2182,0.000447071919502413,0.0003);
#58=ELLIPSE('',#2184,0.000343217143542221,0.0003);
#59=ELLIPSE('',#2185,0.00044707192,0.0003);
#60=ELLIPSE('',#2187,0.000343217143489737,0.0003);
#61=ELLIPSE('',#2188,0.000425429724194595,0.0003);
#62=ELLIPSE('',#2189,0.000425429724194595,0.0003);
#63=ELLIPSE('',#2192,0.000343217143489737,0.0003);
#64=ELLIPSE('',#2194,0.000343217143542221,0.0003);
#65=ELLIPSE('',#2195,0.000425429724194595,0.0003);
#66=ELLIPSE('',#2196,0.000425429724194595,0.0003);
#67=ELLIPSE('',#2198,0.00044707192,0.0003);
#68=ELLIPSE('',#2200,0.000632255172,0.0003);
#69=ELLIPSE('',#2201,0.00044707192,0.0003);
#70=ELLIPSE('',#2202,0.000343217143542221,0.0003);
#71=ELLIPSE('',#2204,0.000343217143489737,0.0003);
#72=ELLIPSE('',#2206,0.000632255171999885,0.0003);
#73=ELLIPSE('',#2208,0.000343217143489737,0.0003);
#74=ELLIPSE('',#2209,0.000632255171999885,0.0003);
#75=ELLIPSE('',#2211,0.000343217143542221,0.0003);
#76=ELLIPSE('',#2213,0.000632255172,0.0003);
#77=ELLIPSE('',#2214,0.00044707192,0.0003);
#78=ELLIPSE('',#2218,0.003521718328,0.0022);
#79=ELLIPSE('',#2219,0.003111269837,0.0022);
#80=ELLIPSE('',#2220,0.003111269838,0.0022);
#81=ELLIPSE('',#2222,0.003521718328,0.0022);
#82=ELLIPSE('',#2223,0.003111269837,0.0022);
#83=ELLIPSE('',#2225,0.003111269837,0.0022);
#84=ELLIPSE('',#2226,0.003521718328,0.0022);
#85=ELLIPSE('',#2228,0.003111269838,0.0022);
#86=ELLIPSE('',#2229,0.003111269837,0.0022);
#87=ELLIPSE('',#2230,0.003521718328,0.0022);
#88=ELLIPSE('',#2236,0.004242640688,0.003);
#89=ELLIPSE('',#2239,0.004802343174,0.003);
#90=ELLIPSE('',#2240,0.004242640687,0.003);
#91=ELLIPSE('',#2242,0.004802343174,0.003);
#92=ELLIPSE('',#2243,0.004242640687,0.003);
#93=ELLIPSE('',#2245,0.004242640688,0.003);
#94=CYLINDRICAL_SURFACE('',#2094,0.0022);
#95=CYLINDRICAL_SURFACE('',#2098,0.0022);
#96=CYLINDRICAL_SURFACE('',#2108,0.003);
#97=CYLINDRICAL_SURFACE('',#2115,0.003);
#98=CYLINDRICAL_SURFACE('',#2120,0.0003);
#99=CYLINDRICAL_SURFACE('',#2123,0.0003);
#100=CYLINDRICAL_SURFACE('',#2126,0.0003);
#101=CYLINDRICAL_SURFACE('',#2129,0.0003);
#102=CYLINDRICAL_SURFACE('',#2132,0.0022);
#103=CYLINDRICAL_SURFACE('',#2137,0.0022);
#104=CYLINDRICAL_SURFACE('',#2143,0.003);
#105=CYLINDRICAL_SURFACE('',#2146,0.003);
#106=CYLINDRICAL_SURFACE('',#2147,0.0003);
#107=CYLINDRICAL_SURFACE('',#2152,0.0003);
#108=CYLINDRICAL_SURFACE('',#2155,0.0003);
#109=CYLINDRICAL_SURFACE('',#2160,0.0003);
#110=CYLINDRICAL_SURFACE('',#2166,0.0003);
#111=CYLINDRICAL_SURFACE('',#2172,0.0003);
#112=CYLINDRICAL_SURFACE('',#2174,0.0003);
#113=CYLINDRICAL_SURFACE('',#2176,0.0003);
#114=CYLINDRICAL_SURFACE('',#2183,0.0003);
#115=CYLINDRICAL_SURFACE('',#2186,0.0003);
#116=CYLINDRICAL_SURFACE('',#2190,0.0003);
#117=CYLINDRICAL_SURFACE('',#2191,0.0003);
#118=CYLINDRICAL_SURFACE('',#2193,0.0003);
#119=CYLINDRICAL_SURFACE('',#2197,0.0003);
#120=CYLINDRICAL_SURFACE('',#2199,0.0003);
#121=CYLINDRICAL_SURFACE('',#2203,0.0003);
#122=CYLINDRICAL_SURFACE('',#2205,0.0003);
#123=CYLINDRICAL_SURFACE('',#2207,0.0003);
#124=CYLINDRICAL_SURFACE('',#2210,0.0003);
#125=CYLINDRICAL_SURFACE('',#2212,0.0003);
#126=CYLINDRICAL_SURFACE('',#2217,0.0022);
#127=CYLINDRICAL_SURFACE('',#2221,0.0022);
#128=CYLINDRICAL_SURFACE('',#2224,0.0022);
#129=CYLINDRICAL_SURFACE('',#2227,0.0022);
#130=CYLINDRICAL_SURFACE('',#2235,0.003);
#131=CYLINDRICAL_SURFACE('',#2238,0.003);
#132=CYLINDRICAL_SURFACE('',#2241,0.003);
#133=CYLINDRICAL_SURFACE('',#2244,0.003);
#134=CONTEXT_DEPENDENT_SHAPE_REPRESENTATION(#148,#3490);
#135=CONTEXT_DEPENDENT_SHAPE_REPRESENTATION(#149,#3491);
#136=CONTEXT_DEPENDENT_SHAPE_REPRESENTATION(#150,#3493);
#137=CONTEXT_DEPENDENT_SHAPE_REPRESENTATION(#151,#3494);
#138=CONTEXT_DEPENDENT_SHAPE_REPRESENTATION(#152,#3495);
#139=CONTEXT_DEPENDENT_SHAPE_REPRESENTATION(#153,#3496);
#140=CONTEXT_DEPENDENT_SHAPE_REPRESENTATION(#154,#3497);
#141=NEXT_ASSEMBLY_USAGE_OCCURRENCE('NAUO1','Group001','Group001',#3498,
#3499,'');
#142=NEXT_ASSEMBLY_USAGE_OCCURRENCE('NAUO2','Group001','Group001',#3498,
#3499,'');
#143=NEXT_ASSEMBLY_USAGE_OCCURRENCE('NAUO3','openGrid Minimal Hook',
'openGrid Minimal Hook',#3498,#3500,'');
#144=NEXT_ASSEMBLY_USAGE_OCCURRENCE('NAUO4','Group001','Group001',#3498,
#3499,'');
#145=NEXT_ASSEMBLY_USAGE_OCCURRENCE('NAUO5','openGrid Minimal Hook',
'openGrid Minimal Hook',#3498,#3500,'');
#146=NEXT_ASSEMBLY_USAGE_OCCURRENCE('NAUO6','Group001','Group001',#3498,
#3499,'');
#147=NEXT_ASSEMBLY_USAGE_OCCURRENCE('NAUO7','openGrid Minimal Hook',
'openGrid Minimal Hook',#3498,#3500,'');
#148=(
REPRESENTATION_RELATIONSHIP(' ',' ',#2072,#2071)
REPRESENTATION_RELATIONSHIP_WITH_TRANSFORMATION(#155)
SHAPE_REPRESENTATION_RELATIONSHIP()
);
#149=(
REPRESENTATION_RELATIONSHIP(' ',' ',#2072,#2071)
REPRESENTATION_RELATIONSHIP_WITH_TRANSFORMATION(#156)
SHAPE_REPRESENTATION_RELATIONSHIP()
);
#150=(
REPRESENTATION_RELATIONSHIP(' ',' ',#2073,#2071)
REPRESENTATION_RELATIONSHIP_WITH_TRANSFORMATION(#157)
SHAPE_REPRESENTATION_RELATIONSHIP()
);
#151=(
REPRESENTATION_RELATIONSHIP(' ',' ',#2072,#2071)
REPRESENTATION_RELATIONSHIP_WITH_TRANSFORMATION(#158)
SHAPE_REPRESENTATION_RELATIONSHIP()
);
#152=(
REPRESENTATION_RELATIONSHIP(' ',' ',#2073,#2071)
REPRESENTATION_RELATIONSHIP_WITH_TRANSFORMATION(#159)
SHAPE_REPRESENTATION_RELATIONSHIP()
);
#153=(
REPRESENTATION_RELATIONSHIP(' ',' ',#2072,#2071)
REPRESENTATION_RELATIONSHIP_WITH_TRANSFORMATION(#160)
SHAPE_REPRESENTATION_RELATIONSHIP()
);
#154=(
REPRESENTATION_RELATIONSHIP(' ',' ',#2073,#2071)
REPRESENTATION_RELATIONSHIP_WITH_TRANSFORMATION(#161)
SHAPE_REPRESENTATION_RELATIONSHIP()
);
#155=ITEM_DEFINED_TRANSFORMATION(' ',' ',#2074,#2091);
#156=ITEM_DEFINED_TRANSFORMATION(' ',' ',#2074,#2092);
#157=ITEM_DEFINED_TRANSFORMATION(' ',' ',#2074,#2267);
#158=ITEM_DEFINED_TRANSFORMATION(' ',' ',#2074,#2268);
#159=ITEM_DEFINED_TRANSFORMATION(' ',' ',#2074,#2269);
#160=ITEM_DEFINED_TRANSFORMATION(' ',' ',#2074,#2270);
#161=ITEM_DEFINED_TRANSFORMATION(' ',' ',#2074,#2271);
#162=SHAPE_REPRESENTATION_RELATIONSHIP('','',#2072,#164);
#163=SHAPE_REPRESENTATION_RELATIONSHIP('','',#2073,#165);
#164=ADVANCED_BREP_SHAPE_REPRESENTATION('',(#2066),#3480);
#165=ADVANCED_BREP_SHAPE_REPRESENTATION('',(#2067),#3481);
#166=ORIENTED_EDGE('',*,*,#754,.T.);
#167=ORIENTED_EDGE('',*,*,#755,.T.);
#168=ORIENTED_EDGE('',*,*,#756,.F.);
#169=ORIENTED_EDGE('',*,*,#757,.F.);
#170=ORIENTED_EDGE('',*,*,#758,.F.);
#171=ORIENTED_EDGE('',*,*,#759,.F.);
#172=ORIENTED_EDGE('',*,*,#760,.T.);
#173=ORIENTED_EDGE('',*,*,#756,.T.);
#174=ORIENTED_EDGE('',*,*,#761,.F.);
#175=ORIENTED_EDGE('',*,*,#762,.T.);
#176=ORIENTED_EDGE('',*,*,#763,.F.);
#177=ORIENTED_EDGE('',*,*,#764,.F.);
#178=ORIENTED_EDGE('',*,*,#765,.F.);
#179=ORIENTED_EDGE('',*,*,#766,.T.);
#180=ORIENTED_EDGE('',*,*,#767,.T.);
#181=ORIENTED_EDGE('',*,*,#768,.F.);
#182=ORIENTED_EDGE('',*,*,#769,.T.);
#183=ORIENTED_EDGE('',*,*,#770,.T.);
#184=ORIENTED_EDGE('',*,*,#754,.F.);
#185=ORIENTED_EDGE('',*,*,#771,.F.);
#186=ORIENTED_EDGE('',*,*,#772,.F.);
#187=ORIENTED_EDGE('',*,*,#769,.F.);
#188=ORIENTED_EDGE('',*,*,#773,.T.);
#189=ORIENTED_EDGE('',*,*,#759,.T.);
#190=ORIENTED_EDGE('',*,*,#774,.T.);
#191=ORIENTED_EDGE('',*,*,#775,.F.);
#192=ORIENTED_EDGE('',*,*,#776,.F.);
#193=ORIENTED_EDGE('',*,*,#777,.T.);
#194=ORIENTED_EDGE('',*,*,#761,.T.);
#195=ORIENTED_EDGE('',*,*,#778,.T.);
#196=ORIENTED_EDGE('',*,*,#779,.T.);
#197=ORIENTED_EDGE('',*,*,#780,.F.);
#198=ORIENTED_EDGE('',*,*,#781,.T.);
#199=ORIENTED_EDGE('',*,*,#782,.F.);
#200=ORIENTED_EDGE('',*,*,#783,.F.);
#201=ORIENTED_EDGE('',*,*,#779,.F.);
#202=ORIENTED_EDGE('',*,*,#776,.T.);
#203=ORIENTED_EDGE('',*,*,#784,.T.);
#204=ORIENTED_EDGE('',*,*,#785,.T.);
#205=ORIENTED_EDGE('',*,*,#786,.F.);
#206=ORIENTED_EDGE('',*,*,#787,.F.);
#207=ORIENTED_EDGE('',*,*,#788,.F.);
#208=ORIENTED_EDGE('',*,*,#789,.T.);
#209=ORIENTED_EDGE('',*,*,#782,.T.);
#210=ORIENTED_EDGE('',*,*,#763,.T.);
#211=ORIENTED_EDGE('',*,*,#790,.F.);
#212=ORIENTED_EDGE('',*,*,#774,.F.);
#213=ORIENTED_EDGE('',*,*,#791,.T.);
#214=ORIENTED_EDGE('',*,*,#792,.T.);
#215=ORIENTED_EDGE('',*,*,#787,.T.);
#216=ORIENTED_EDGE('',*,*,#781,.F.);
#217=ORIENTED_EDGE('',*,*,#778,.F.);
#218=ORIENTED_EDGE('',*,*,#764,.T.);
#219=ORIENTED_EDGE('',*,*,#791,.F.);
#220=ORIENTED_EDGE('',*,*,#777,.F.);
#221=ORIENTED_EDGE('',*,*,#786,.T.);
#222=ORIENTED_EDGE('',*,*,#793,.F.);
#223=ORIENTED_EDGE('',*,*,#768,.T.);
#224=ORIENTED_EDGE('',*,*,#788,.T.);
#225=ORIENTED_EDGE('',*,*,#792,.F.);
#226=ORIENTED_EDGE('',*,*,#767,.F.);
#227=ORIENTED_EDGE('',*,*,#794,.T.);
#228=ORIENTED_EDGE('',*,*,#766,.F.);
#229=ORIENTED_EDGE('',*,*,#795,.T.);
#230=ORIENTED_EDGE('',*,*,#784,.F.);
#231=ORIENTED_EDGE('',*,*,#775,.T.);
#232=ORIENTED_EDGE('',*,*,#790,.T.);
#233=ORIENTED_EDGE('',*,*,#762,.F.);
#234=ORIENTED_EDGE('',*,*,#780,.T.);
#235=ORIENTED_EDGE('',*,*,#783,.T.);
#236=ORIENTED_EDGE('',*,*,#789,.F.);
#237=ORIENTED_EDGE('',*,*,#794,.F.);
#238=ORIENTED_EDGE('',*,*,#795,.F.);
#239=ORIENTED_EDGE('',*,*,#765,.T.);
#240=ORIENTED_EDGE('',*,*,#793,.T.);
#241=ORIENTED_EDGE('',*,*,#785,.F.);
#242=ORIENTED_EDGE('',*,*,#771,.T.);
#243=ORIENTED_EDGE('',*,*,#757,.T.);
#244=ORIENTED_EDGE('',*,*,#760,.F.);
#245=ORIENTED_EDGE('',*,*,#773,.F.);
#246=ORIENTED_EDGE('',*,*,#758,.T.);
#247=ORIENTED_EDGE('',*,*,#755,.F.);
#248=ORIENTED_EDGE('',*,*,#770,.F.);
#249=ORIENTED_EDGE('',*,*,#772,.T.);
#250=ORIENTED_EDGE('',*,*,#796,.F.);
#251=ORIENTED_EDGE('',*,*,#797,.F.);
#252=ORIENTED_EDGE('',*,*,#798,.T.);
#253=ORIENTED_EDGE('',*,*,#799,.T.);
#254=ORIENTED_EDGE('',*,*,#800,.T.);
#255=ORIENTED_EDGE('',*,*,#801,.T.);
#256=ORIENTED_EDGE('',*,*,#802,.T.);
#257=ORIENTED_EDGE('',*,*,#803,.T.);
#258=ORIENTED_EDGE('',*,*,#804,.T.);
#259=ORIENTED_EDGE('',*,*,#805,.T.);
#260=ORIENTED_EDGE('',*,*,#806,.T.);
#261=ORIENTED_EDGE('',*,*,#807,.F.);
#262=ORIENTED_EDGE('',*,*,#808,.F.);
#263=ORIENTED_EDGE('',*,*,#805,.F.);
#264=ORIENTED_EDGE('',*,*,#809,.F.);
#265=ORIENTED_EDGE('',*,*,#810,.F.);
#266=ORIENTED_EDGE('',*,*,#811,.F.);
#267=ORIENTED_EDGE('',*,*,#812,.T.);
#268=ORIENTED_EDGE('',*,*,#810,.T.);
#269=ORIENTED_EDGE('',*,*,#813,.T.);
#270=ORIENTED_EDGE('',*,*,#814,.T.);
#271=ORIENTED_EDGE('',*,*,#815,.T.);
#272=ORIENTED_EDGE('',*,*,#816,.T.);
#273=ORIENTED_EDGE('',*,*,#817,.T.);
#274=ORIENTED_EDGE('',*,*,#818,.T.);
#275=ORIENTED_EDGE('',*,*,#819,.F.);
#276=ORIENTED_EDGE('',*,*,#820,.F.);
#277=ORIENTED_EDGE('',*,*,#806,.F.);
#278=ORIENTED_EDGE('',*,*,#808,.T.);
#279=ORIENTED_EDGE('',*,*,#812,.F.);
#280=ORIENTED_EDGE('',*,*,#821,.T.);
#281=ORIENTED_EDGE('',*,*,#822,.T.);
#282=ORIENTED_EDGE('',*,*,#823,.T.);
#283=ORIENTED_EDGE('',*,*,#824,.T.);
#284=ORIENTED_EDGE('',*,*,#825,.F.);
#285=ORIENTED_EDGE('',*,*,#826,.F.);
#286=ORIENTED_EDGE('',*,*,#819,.T.);
#287=ORIENTED_EDGE('',*,*,#827,.F.);
#288=ORIENTED_EDGE('',*,*,#828,.T.);
#289=ORIENTED_EDGE('',*,*,#829,.T.);
#290=ORIENTED_EDGE('',*,*,#830,.T.);
#291=ORIENTED_EDGE('',*,*,#831,.T.);
#292=ORIENTED_EDGE('',*,*,#832,.F.);
#293=ORIENTED_EDGE('',*,*,#833,.F.);
#294=ORIENTED_EDGE('',*,*,#831,.F.);
#295=ORIENTED_EDGE('',*,*,#834,.F.);
#296=ORIENTED_EDGE('',*,*,#835,.F.);
#297=ORIENTED_EDGE('',*,*,#836,.T.);
#298=ORIENTED_EDGE('',*,*,#814,.F.);
#299=ORIENTED_EDGE('',*,*,#837,.T.);
#300=ORIENTED_EDGE('',*,*,#838,.T.);
#301=ORIENTED_EDGE('',*,*,#839,.T.);
#302=ORIENTED_EDGE('',*,*,#840,.T.);
#303=ORIENTED_EDGE('',*,*,#841,.T.);
#304=ORIENTED_EDGE('',*,*,#841,.F.);
#305=ORIENTED_EDGE('',*,*,#842,.F.);
#306=ORIENTED_EDGE('',*,*,#843,.F.);
#307=ORIENTED_EDGE('',*,*,#844,.F.);
#308=ORIENTED_EDGE('',*,*,#845,.F.);
#309=ORIENTED_EDGE('',*,*,#846,.T.);
#310=ORIENTED_EDGE('',*,*,#847,.T.);
#311=ORIENTED_EDGE('',*,*,#848,.F.);
#312=ORIENTED_EDGE('',*,*,#822,.F.);
#313=ORIENTED_EDGE('',*,*,#849,.F.);
#314=ORIENTED_EDGE('',*,*,#850,.T.);
#315=ORIENTED_EDGE('',*,*,#851,.F.);
#316=ORIENTED_EDGE('',*,*,#852,.F.);
#317=ORIENTED_EDGE('',*,*,#853,.F.);
#318=ORIENTED_EDGE('',*,*,#829,.F.);
#319=ORIENTED_EDGE('',*,*,#854,.F.);
#320=ORIENTED_EDGE('',*,*,#850,.F.);
#321=ORIENTED_EDGE('',*,*,#855,.F.);
#322=ORIENTED_EDGE('',*,*,#856,.F.);
#323=ORIENTED_EDGE('',*,*,#857,.F.);
#324=ORIENTED_EDGE('',*,*,#858,.F.);
#325=ORIENTED_EDGE('',*,*,#859,.F.);
#326=ORIENTED_EDGE('',*,*,#823,.F.);
#327=ORIENTED_EDGE('',*,*,#859,.T.);
#328=ORIENTED_EDGE('',*,*,#860,.F.);
#329=ORIENTED_EDGE('',*,*,#861,.F.);
#330=ORIENTED_EDGE('',*,*,#862,.F.);
#331=ORIENTED_EDGE('',*,*,#863,.F.);
#332=ORIENTED_EDGE('',*,*,#824,.F.);
#333=ORIENTED_EDGE('',*,*,#864,.T.);
#334=ORIENTED_EDGE('',*,*,#865,.T.);
#335=ORIENTED_EDGE('',*,*,#807,.T.);
#336=ORIENTED_EDGE('',*,*,#820,.T.);
#337=ORIENTED_EDGE('',*,*,#826,.T.);
#338=ORIENTED_EDGE('',*,*,#866,.T.);
#339=ORIENTED_EDGE('',*,*,#867,.T.);
#340=ORIENTED_EDGE('',*,*,#813,.F.);
#341=ORIENTED_EDGE('',*,*,#809,.T.);
#342=ORIENTED_EDGE('',*,*,#804,.F.);
#343=ORIENTED_EDGE('',*,*,#865,.F.);
#344=ORIENTED_EDGE('',*,*,#868,.T.);
#345=ORIENTED_EDGE('',*,*,#869,.T.);
#346=ORIENTED_EDGE('',*,*,#849,.T.);
#347=ORIENTED_EDGE('',*,*,#821,.F.);
#348=ORIENTED_EDGE('',*,*,#811,.T.);
#349=ORIENTED_EDGE('',*,*,#867,.F.);
#350=ORIENTED_EDGE('',*,*,#870,.F.);
#351=ORIENTED_EDGE('',*,*,#825,.T.);
#352=ORIENTED_EDGE('',*,*,#863,.T.);
#353=ORIENTED_EDGE('',*,*,#871,.T.);
#354=ORIENTED_EDGE('',*,*,#872,.T.);
#355=ORIENTED_EDGE('',*,*,#866,.F.);
#356=ORIENTED_EDGE('',*,*,#816,.F.);
#357=ORIENTED_EDGE('',*,*,#873,.T.);
#358=ORIENTED_EDGE('',*,*,#800,.F.);
#359=ORIENTED_EDGE('',*,*,#874,.T.);
#360=ORIENTED_EDGE('',*,*,#799,.F.);
#361=ORIENTED_EDGE('',*,*,#832,.T.);
#362=ORIENTED_EDGE('',*,*,#837,.F.);
#363=ORIENTED_EDGE('',*,*,#817,.F.);
#364=ORIENTED_EDGE('',*,*,#874,.F.);
#365=ORIENTED_EDGE('',*,*,#875,.F.);
#366=ORIENTED_EDGE('',*,*,#876,.T.);
#367=ORIENTED_EDGE('',*,*,#851,.T.);
#368=ORIENTED_EDGE('',*,*,#854,.T.);
#369=ORIENTED_EDGE('',*,*,#828,.F.);
#370=ORIENTED_EDGE('',*,*,#833,.T.);
#371=ORIENTED_EDGE('',*,*,#798,.F.);
#372=ORIENTED_EDGE('',*,*,#843,.T.);
#373=ORIENTED_EDGE('',*,*,#801,.F.);
#374=ORIENTED_EDGE('',*,*,#873,.F.);
#375=ORIENTED_EDGE('',*,*,#815,.F.);
#376=ORIENTED_EDGE('',*,*,#836,.F.);
#377=ORIENTED_EDGE('',*,*,#877,.F.);
#378=ORIENTED_EDGE('',*,*,#847,.F.);
#379=ORIENTED_EDGE('',*,*,#878,.F.);
#380=ORIENTED_EDGE('',*,*,#879,.F.);
#381=ORIENTED_EDGE('',*,*,#880,.F.);
#382=ORIENTED_EDGE('',*,*,#881,.T.);
#383=ORIENTED_EDGE('',*,*,#838,.F.);
#384=ORIENTED_EDGE('',*,*,#844,.T.);
#385=ORIENTED_EDGE('',*,*,#835,.T.);
#386=ORIENTED_EDGE('',*,*,#834,.T.);
#387=ORIENTED_EDGE('',*,*,#830,.F.);
#388=ORIENTED_EDGE('',*,*,#856,.T.);
#389=ORIENTED_EDGE('',*,*,#882,.F.);
#390=ORIENTED_EDGE('',*,*,#857,.T.);
#391=ORIENTED_EDGE('',*,*,#827,.T.);
#392=ORIENTED_EDGE('',*,*,#818,.F.);
#393=ORIENTED_EDGE('',*,*,#848,.T.);
#394=ORIENTED_EDGE('',*,*,#877,.T.);
#395=ORIENTED_EDGE('',*,*,#881,.F.);
#396=ORIENTED_EDGE('',*,*,#883,.F.);
#397=ORIENTED_EDGE('',*,*,#884,.F.);
#398=ORIENTED_EDGE('',*,*,#885,.F.);
#399=ORIENTED_EDGE('',*,*,#839,.F.);
#400=ORIENTED_EDGE('',*,*,#884,.T.);
#401=ORIENTED_EDGE('',*,*,#886,.F.);
#402=ORIENTED_EDGE('',*,*,#887,.F.);
#403=ORIENTED_EDGE('',*,*,#888,.F.);
#404=ORIENTED_EDGE('',*,*,#888,.T.);
#405=ORIENTED_EDGE('',*,*,#889,.T.);
#406=ORIENTED_EDGE('',*,*,#890,.F.);
#407=ORIENTED_EDGE('',*,*,#802,.F.);
#408=ORIENTED_EDGE('',*,*,#842,.T.);
#409=ORIENTED_EDGE('',*,*,#840,.F.);
#410=ORIENTED_EDGE('',*,*,#885,.T.);
#411=ORIENTED_EDGE('',*,*,#891,.T.);
#412=ORIENTED_EDGE('',*,*,#892,.T.);
#413=ORIENTED_EDGE('',*,*,#845,.T.);
#414=ORIENTED_EDGE('',*,*,#869,.F.);
#415=ORIENTED_EDGE('',*,*,#893,.T.);
#416=ORIENTED_EDGE('',*,*,#892,.F.);
#417=ORIENTED_EDGE('',*,*,#894,.F.);
#418=ORIENTED_EDGE('',*,*,#895,.F.);
#419=ORIENTED_EDGE('',*,*,#896,.F.);
#420=ORIENTED_EDGE('',*,*,#878,.T.);
#421=ORIENTED_EDGE('',*,*,#846,.F.);
#422=ORIENTED_EDGE('',*,*,#890,.T.);
#423=ORIENTED_EDGE('',*,*,#897,.T.);
#424=ORIENTED_EDGE('',*,*,#898,.F.);
#425=ORIENTED_EDGE('',*,*,#899,.F.);
#426=ORIENTED_EDGE('',*,*,#803,.F.);
#427=ORIENTED_EDGE('',*,*,#900,.F.);
#428=ORIENTED_EDGE('',*,*,#901,.T.);
#429=ORIENTED_EDGE('',*,*,#875,.T.);
#430=ORIENTED_EDGE('',*,*,#797,.T.);
#431=ORIENTED_EDGE('',*,*,#902,.T.);
#432=ORIENTED_EDGE('',*,*,#903,.F.);
#433=ORIENTED_EDGE('',*,*,#904,.T.);
#434=ORIENTED_EDGE('',*,*,#886,.T.);
#435=ORIENTED_EDGE('',*,*,#883,.T.);
#436=ORIENTED_EDGE('',*,*,#880,.T.);
#437=ORIENTED_EDGE('',*,*,#879,.T.);
#438=ORIENTED_EDGE('',*,*,#896,.T.);
#439=ORIENTED_EDGE('',*,*,#905,.T.);
#440=ORIENTED_EDGE('',*,*,#887,.T.);
#441=ORIENTED_EDGE('',*,*,#904,.F.);
#442=ORIENTED_EDGE('',*,*,#906,.F.);
#443=ORIENTED_EDGE('',*,*,#897,.F.);
#444=ORIENTED_EDGE('',*,*,#889,.F.);
#445=ORIENTED_EDGE('',*,*,#907,.T.);
#446=ORIENTED_EDGE('',*,*,#908,.T.);
#447=ORIENTED_EDGE('',*,*,#860,.T.);
#448=ORIENTED_EDGE('',*,*,#858,.T.);
#449=ORIENTED_EDGE('',*,*,#882,.T.);
#450=ORIENTED_EDGE('',*,*,#855,.T.);
#451=ORIENTED_EDGE('',*,*,#853,.T.);
#452=ORIENTED_EDGE('',*,*,#909,.T.);
#453=ORIENTED_EDGE('',*,*,#910,.T.);
#454=ORIENTED_EDGE('',*,*,#911,.T.);
#455=ORIENTED_EDGE('',*,*,#894,.T.);
#456=ORIENTED_EDGE('',*,*,#891,.F.);
#457=ORIENTED_EDGE('',*,*,#912,.T.);
#458=ORIENTED_EDGE('',*,*,#872,.F.);
#459=ORIENTED_EDGE('',*,*,#913,.T.);
#460=ORIENTED_EDGE('',*,*,#914,.T.);
#461=ORIENTED_EDGE('',*,*,#912,.F.);
#462=ORIENTED_EDGE('',*,*,#893,.F.);
#463=ORIENTED_EDGE('',*,*,#870,.T.);
#464=ORIENTED_EDGE('',*,*,#868,.F.);
#465=ORIENTED_EDGE('',*,*,#864,.F.);
#466=ORIENTED_EDGE('',*,*,#871,.F.);
#467=ORIENTED_EDGE('',*,*,#862,.T.);
#468=ORIENTED_EDGE('',*,*,#915,.T.);
#469=ORIENTED_EDGE('',*,*,#916,.T.);
#470=ORIENTED_EDGE('',*,*,#913,.F.);
#471=ORIENTED_EDGE('',*,*,#917,.F.);
#472=ORIENTED_EDGE('',*,*,#915,.F.);
#473=ORIENTED_EDGE('',*,*,#861,.T.);
#474=ORIENTED_EDGE('',*,*,#908,.F.);
#475=ORIENTED_EDGE('',*,*,#895,.T.);
#476=ORIENTED_EDGE('',*,*,#911,.F.);
#477=ORIENTED_EDGE('',*,*,#918,.F.);
#478=ORIENTED_EDGE('',*,*,#905,.F.);
#479=ORIENTED_EDGE('',*,*,#919,.F.);
#480=ORIENTED_EDGE('',*,*,#909,.F.);
#481=ORIENTED_EDGE('',*,*,#852,.T.);
#482=ORIENTED_EDGE('',*,*,#876,.F.);
#483=ORIENTED_EDGE('',*,*,#901,.F.);
#484=ORIENTED_EDGE('',*,*,#906,.T.);
#485=ORIENTED_EDGE('',*,*,#903,.T.);
#486=ORIENTED_EDGE('',*,*,#918,.T.);
#487=ORIENTED_EDGE('',*,*,#910,.F.);
#488=ORIENTED_EDGE('',*,*,#914,.F.);
#489=ORIENTED_EDGE('',*,*,#916,.F.);
#490=ORIENTED_EDGE('',*,*,#917,.T.);
#491=ORIENTED_EDGE('',*,*,#907,.F.);
#492=ORIENTED_EDGE('',*,*,#919,.T.);
#493=ORIENTED_EDGE('',*,*,#900,.T.);
#494=ORIENTED_EDGE('',*,*,#920,.F.);
#495=ORIENTED_EDGE('',*,*,#921,.T.);
#496=ORIENTED_EDGE('',*,*,#922,.T.);
#497=ORIENTED_EDGE('',*,*,#923,.F.);
#498=ORIENTED_EDGE('',*,*,#924,.T.);
#499=ORIENTED_EDGE('',*,*,#925,.F.);
#500=ORIENTED_EDGE('',*,*,#926,.F.);
#501=ORIENTED_EDGE('',*,*,#927,.F.);
#502=ORIENTED_EDGE('',*,*,#928,.T.);
#503=ORIENTED_EDGE('',*,*,#929,.T.);
#504=ORIENTED_EDGE('',*,*,#930,.T.);
#505=ORIENTED_EDGE('',*,*,#931,.T.);
#506=ORIENTED_EDGE('',*,*,#932,.T.);
#507=ORIENTED_EDGE('',*,*,#898,.T.);
#508=ORIENTED_EDGE('',*,*,#933,.T.);
#509=ORIENTED_EDGE('',*,*,#934,.F.);
#510=ORIENTED_EDGE('',*,*,#935,.F.);
#511=ORIENTED_EDGE('',*,*,#936,.F.);
#512=ORIENTED_EDGE('',*,*,#937,.T.);
#513=ORIENTED_EDGE('',*,*,#938,.F.);
#514=ORIENTED_EDGE('',*,*,#933,.F.);
#515=ORIENTED_EDGE('',*,*,#939,.F.);
#516=ORIENTED_EDGE('',*,*,#940,.F.);
#517=ORIENTED_EDGE('',*,*,#941,.F.);
#518=ORIENTED_EDGE('',*,*,#924,.F.);
#519=ORIENTED_EDGE('',*,*,#942,.F.);
#520=ORIENTED_EDGE('',*,*,#937,.F.);
#521=ORIENTED_EDGE('',*,*,#943,.F.);
#522=ORIENTED_EDGE('',*,*,#928,.F.);
#523=ORIENTED_EDGE('',*,*,#944,.F.);
#524=ORIENTED_EDGE('',*,*,#945,.T.);
#525=ORIENTED_EDGE('',*,*,#946,.F.);
#526=ORIENTED_EDGE('',*,*,#947,.T.);
#527=ORIENTED_EDGE('',*,*,#948,.F.);
#528=ORIENTED_EDGE('',*,*,#945,.F.);
#529=ORIENTED_EDGE('',*,*,#949,.F.);
#530=ORIENTED_EDGE('',*,*,#950,.F.);
#531=ORIENTED_EDGE('',*,*,#951,.F.);
#532=ORIENTED_EDGE('',*,*,#952,.F.);
#533=ORIENTED_EDGE('',*,*,#953,.F.);
#534=ORIENTED_EDGE('',*,*,#947,.F.);
#535=ORIENTED_EDGE('',*,*,#954,.F.);
#536=ORIENTED_EDGE('',*,*,#955,.F.);
#537=ORIENTED_EDGE('',*,*,#956,.F.);
#538=ORIENTED_EDGE('',*,*,#957,.F.);
#539=ORIENTED_EDGE('',*,*,#958,.F.);
#540=ORIENTED_EDGE('',*,*,#959,.T.);
#541=ORIENTED_EDGE('',*,*,#960,.F.);
#542=ORIENTED_EDGE('',*,*,#959,.F.);
#543=ORIENTED_EDGE('',*,*,#961,.F.);
#544=ORIENTED_EDGE('',*,*,#962,.T.);
#545=ORIENTED_EDGE('',*,*,#963,.F.);
#546=ORIENTED_EDGE('',*,*,#964,.F.);
#547=ORIENTED_EDGE('',*,*,#962,.F.);
#548=ORIENTED_EDGE('',*,*,#965,.F.);
#549=ORIENTED_EDGE('',*,*,#922,.F.);
#550=ORIENTED_EDGE('',*,*,#930,.F.);
#551=ORIENTED_EDGE('',*,*,#966,.F.);
#552=ORIENTED_EDGE('',*,*,#967,.T.);
#553=ORIENTED_EDGE('',*,*,#968,.F.);
#554=ORIENTED_EDGE('',*,*,#969,.F.);
#555=ORIENTED_EDGE('',*,*,#970,.T.);
#556=ORIENTED_EDGE('',*,*,#971,.F.);
#557=ORIENTED_EDGE('',*,*,#967,.F.);
#558=ORIENTED_EDGE('',*,*,#972,.F.);
#559=ORIENTED_EDGE('',*,*,#973,.F.);
#560=ORIENTED_EDGE('',*,*,#974,.F.);
#561=ORIENTED_EDGE('',*,*,#970,.F.);
#562=ORIENTED_EDGE('',*,*,#975,.F.);
#563=ORIENTED_EDGE('',*,*,#976,.F.);
#564=ORIENTED_EDGE('',*,*,#961,.T.);
#565=ORIENTED_EDGE('',*,*,#958,.T.);
#566=ORIENTED_EDGE('',*,*,#977,.T.);
#567=ORIENTED_EDGE('',*,*,#934,.T.);
#568=ORIENTED_EDGE('',*,*,#938,.T.);
#569=ORIENTED_EDGE('',*,*,#942,.T.);
#570=ORIENTED_EDGE('',*,*,#923,.T.);
#571=ORIENTED_EDGE('',*,*,#965,.T.);
#572=ORIENTED_EDGE('',*,*,#972,.T.);
#573=ORIENTED_EDGE('',*,*,#966,.T.);
#574=ORIENTED_EDGE('',*,*,#929,.F.);
#575=ORIENTED_EDGE('',*,*,#946,.T.);
#576=ORIENTED_EDGE('',*,*,#948,.T.);
#577=ORIENTED_EDGE('',*,*,#953,.T.);
#578=ORIENTED_EDGE('',*,*,#978,.T.);
#579=ORIENTED_EDGE('',*,*,#975,.T.);
#580=ORIENTED_EDGE('',*,*,#979,.T.);
#581=ORIENTED_EDGE('',*,*,#980,.T.);
#582=ORIENTED_EDGE('',*,*,#981,.F.);
#583=ORIENTED_EDGE('',*,*,#982,.T.);
#584=ORIENTED_EDGE('',*,*,#983,.T.);
#585=ORIENTED_EDGE('',*,*,#984,.T.);
#586=ORIENTED_EDGE('',*,*,#985,.T.);
#587=ORIENTED_EDGE('',*,*,#986,.T.);
#588=ORIENTED_EDGE('',*,*,#987,.T.);
#589=ORIENTED_EDGE('',*,*,#981,.T.);
#590=ORIENTED_EDGE('',*,*,#988,.F.);
#591=ORIENTED_EDGE('',*,*,#989,.T.);
#592=ORIENTED_EDGE('',*,*,#990,.T.);
#593=ORIENTED_EDGE('',*,*,#991,.T.);
#594=ORIENTED_EDGE('',*,*,#992,.T.);
#595=ORIENTED_EDGE('',*,*,#993,.T.);
#596=ORIENTED_EDGE('',*,*,#994,.F.);
#597=ORIENTED_EDGE('',*,*,#988,.T.);
#598=ORIENTED_EDGE('',*,*,#995,.F.);
#599=ORIENTED_EDGE('',*,*,#996,.F.);
#600=ORIENTED_EDGE('',*,*,#997,.T.);
#601=ORIENTED_EDGE('',*,*,#998,.F.);
#602=ORIENTED_EDGE('',*,*,#982,.F.);
#603=ORIENTED_EDGE('',*,*,#987,.F.);
#604=ORIENTED_EDGE('',*,*,#999,.T.);
#605=ORIENTED_EDGE('',*,*,#989,.F.);
#606=ORIENTED_EDGE('',*,*,#994,.T.);
#607=ORIENTED_EDGE('',*,*,#1000,.T.);
#608=ORIENTED_EDGE('',*,*,#995,.T.);
#609=ORIENTED_EDGE('',*,*,#991,.F.);
#610=ORIENTED_EDGE('',*,*,#1001,.T.);
#611=ORIENTED_EDGE('',*,*,#985,.F.);
#612=ORIENTED_EDGE('',*,*,#980,.F.);
#613=ORIENTED_EDGE('',*,*,#1002,.T.);
#614=ORIENTED_EDGE('',*,*,#999,.F.);
#615=ORIENTED_EDGE('',*,*,#986,.F.);
#616=ORIENTED_EDGE('',*,*,#1001,.F.);
#617=ORIENTED_EDGE('',*,*,#990,.F.);
#618=ORIENTED_EDGE('',*,*,#996,.T.);
#619=ORIENTED_EDGE('',*,*,#1002,.F.);
#620=ORIENTED_EDGE('',*,*,#979,.F.);
#621=ORIENTED_EDGE('',*,*,#1003,.F.);
#622=ORIENTED_EDGE('',*,*,#1004,.T.);
#623=ORIENTED_EDGE('',*,*,#926,.T.);
#624=ORIENTED_EDGE('',*,*,#1005,.F.);
#625=ORIENTED_EDGE('',*,*,#1006,.F.);
#626=ORIENTED_EDGE('',*,*,#1007,.F.);
#627=ORIENTED_EDGE('',*,*,#1008,.F.);
#628=ORIENTED_EDGE('',*,*,#1009,.F.);
#629=ORIENTED_EDGE('',*,*,#1010,.T.);
#630=ORIENTED_EDGE('',*,*,#1011,.F.);
#631=ORIENTED_EDGE('',*,*,#1012,.F.);
#632=ORIENTED_EDGE('',*,*,#1010,.F.);
#633=ORIENTED_EDGE('',*,*,#1013,.F.);
#634=ORIENTED_EDGE('',*,*,#1014,.F.);
#635=ORIENTED_EDGE('',*,*,#1015,.T.);
#636=ORIENTED_EDGE('',*,*,#1016,.F.);
#637=ORIENTED_EDGE('',*,*,#1017,.F.);
#638=ORIENTED_EDGE('',*,*,#1018,.F.);
#639=ORIENTED_EDGE('',*,*,#1019,.F.);
#640=ORIENTED_EDGE('',*,*,#1020,.F.);
#641=ORIENTED_EDGE('',*,*,#1021,.F.);
#642=ORIENTED_EDGE('',*,*,#1015,.F.);
#643=ORIENTED_EDGE('',*,*,#1022,.F.);
#644=ORIENTED_EDGE('',*,*,#1023,.F.);
#645=ORIENTED_EDGE('',*,*,#1019,.T.);
#646=ORIENTED_EDGE('',*,*,#1024,.F.);
#647=ORIENTED_EDGE('',*,*,#1013,.T.);
#648=ORIENTED_EDGE('',*,*,#1025,.F.);
#649=ORIENTED_EDGE('',*,*,#1017,.T.);
#650=ORIENTED_EDGE('',*,*,#1026,.F.);
#651=ORIENTED_EDGE('',*,*,#1011,.T.);
#652=ORIENTED_EDGE('',*,*,#1024,.T.);
#653=ORIENTED_EDGE('',*,*,#1018,.T.);
#654=ORIENTED_EDGE('',*,*,#1025,.T.);
#655=ORIENTED_EDGE('',*,*,#1014,.T.);
#656=ORIENTED_EDGE('',*,*,#1027,.T.);
#657=ORIENTED_EDGE('',*,*,#1028,.T.);
#658=ORIENTED_EDGE('',*,*,#1029,.F.);
#659=ORIENTED_EDGE('',*,*,#1030,.T.);
#660=ORIENTED_EDGE('',*,*,#1012,.T.);
#661=ORIENTED_EDGE('',*,*,#1026,.T.);
#662=ORIENTED_EDGE('',*,*,#1016,.T.);
#663=ORIENTED_EDGE('',*,*,#1031,.T.);
#664=ORIENTED_EDGE('',*,*,#1032,.F.);
#665=ORIENTED_EDGE('',*,*,#949,.T.);
#666=ORIENTED_EDGE('',*,*,#944,.T.);
#667=ORIENTED_EDGE('',*,*,#927,.T.);
#668=ORIENTED_EDGE('',*,*,#1004,.F.);
#669=ORIENTED_EDGE('',*,*,#954,.T.);
#670=ORIENTED_EDGE('',*,*,#951,.T.);
#671=ORIENTED_EDGE('',*,*,#1033,.F.);
#672=ORIENTED_EDGE('',*,*,#983,.F.);
#673=ORIENTED_EDGE('',*,*,#998,.T.);
#674=ORIENTED_EDGE('',*,*,#1034,.F.);
#675=ORIENTED_EDGE('',*,*,#1033,.T.);
#676=ORIENTED_EDGE('',*,*,#950,.T.);
#677=ORIENTED_EDGE('',*,*,#1032,.T.);
#678=ORIENTED_EDGE('',*,*,#1003,.T.);
#679=ORIENTED_EDGE('',*,*,#984,.F.);
#680=ORIENTED_EDGE('',*,*,#1035,.F.);
#681=ORIENTED_EDGE('',*,*,#968,.T.);
#682=ORIENTED_EDGE('',*,*,#971,.T.);
#683=ORIENTED_EDGE('',*,*,#974,.T.);
#684=ORIENTED_EDGE('',*,*,#1036,.F.);
#685=ORIENTED_EDGE('',*,*,#1007,.T.);
#686=ORIENTED_EDGE('',*,*,#1030,.F.);
#687=ORIENTED_EDGE('',*,*,#931,.F.);
#688=ORIENTED_EDGE('',*,*,#969,.T.);
#689=ORIENTED_EDGE('',*,*,#1035,.T.);
#690=ORIENTED_EDGE('',*,*,#1029,.T.);
#691=ORIENTED_EDGE('',*,*,#1037,.T.);
#692=ORIENTED_EDGE('',*,*,#1036,.T.);
#693=ORIENTED_EDGE('',*,*,#973,.T.);
#694=ORIENTED_EDGE('',*,*,#1038,.T.);
#695=ORIENTED_EDGE('',*,*,#1008,.T.);
#696=ORIENTED_EDGE('',*,*,#925,.T.);
#697=ORIENTED_EDGE('',*,*,#943,.T.);
#698=ORIENTED_EDGE('',*,*,#941,.T.);
#699=ORIENTED_EDGE('',*,*,#1039,.F.);
#700=ORIENTED_EDGE('',*,*,#1005,.T.);
#701=ORIENTED_EDGE('',*,*,#939,.T.);
#702=ORIENTED_EDGE('',*,*,#936,.T.);
#703=ORIENTED_EDGE('',*,*,#1040,.F.);
#704=ORIENTED_EDGE('',*,*,#1000,.F.);
#705=ORIENTED_EDGE('',*,*,#993,.F.);
#706=ORIENTED_EDGE('',*,*,#1041,.F.);
#707=ORIENTED_EDGE('',*,*,#1039,.T.);
#708=ORIENTED_EDGE('',*,*,#940,.T.);
#709=ORIENTED_EDGE('',*,*,#1041,.T.);
#710=ORIENTED_EDGE('',*,*,#992,.F.);
#711=ORIENTED_EDGE('',*,*,#1006,.T.);
#712=ORIENTED_EDGE('',*,*,#955,.T.);
#713=ORIENTED_EDGE('',*,*,#960,.T.);
#714=ORIENTED_EDGE('',*,*,#964,.T.);
#715=ORIENTED_EDGE('',*,*,#1042,.F.);
#716=ORIENTED_EDGE('',*,*,#1031,.F.);
#717=ORIENTED_EDGE('',*,*,#1021,.T.);
#718=ORIENTED_EDGE('',*,*,#1043,.F.);
#719=ORIENTED_EDGE('',*,*,#1042,.T.);
#720=ORIENTED_EDGE('',*,*,#963,.T.);
#721=ORIENTED_EDGE('',*,*,#921,.F.);
#722=ORIENTED_EDGE('',*,*,#1044,.F.);
#723=ORIENTED_EDGE('',*,*,#1027,.F.);
#724=ORIENTED_EDGE('',*,*,#1045,.T.);
#725=ORIENTED_EDGE('',*,*,#956,.T.);
#726=ORIENTED_EDGE('',*,*,#1043,.T.);
#727=ORIENTED_EDGE('',*,*,#1020,.T.);
#728=ORIENTED_EDGE('',*,*,#1038,.F.);
#729=ORIENTED_EDGE('',*,*,#976,.T.);
#730=ORIENTED_EDGE('',*,*,#978,.F.);
#731=ORIENTED_EDGE('',*,*,#952,.T.);
#732=ORIENTED_EDGE('',*,*,#1034,.T.);
#733=ORIENTED_EDGE('',*,*,#997,.F.);
#734=ORIENTED_EDGE('',*,*,#1040,.T.);
#735=ORIENTED_EDGE('',*,*,#935,.T.);
#736=ORIENTED_EDGE('',*,*,#977,.F.);
#737=ORIENTED_EDGE('',*,*,#957,.T.);
#738=ORIENTED_EDGE('',*,*,#1045,.F.);
#739=ORIENTED_EDGE('',*,*,#1022,.T.);
#740=ORIENTED_EDGE('',*,*,#1023,.T.);
#741=ORIENTED_EDGE('',*,*,#1009,.T.);
#742=ORIENTED_EDGE('',*,*,#920,.T.);
#743=ORIENTED_EDGE('',*,*,#902,.F.);
#744=ORIENTED_EDGE('',*,*,#1046,.F.);
#745=ORIENTED_EDGE('',*,*,#1044,.T.);
#746=ORIENTED_EDGE('',*,*,#932,.F.);
#747=ORIENTED_EDGE('',*,*,#1037,.F.);
#748=ORIENTED_EDGE('',*,*,#1047,.T.);
#749=ORIENTED_EDGE('',*,*,#899,.T.);
#750=ORIENTED_EDGE('',*,*,#1046,.T.);
#751=ORIENTED_EDGE('',*,*,#796,.T.);
#752=ORIENTED_EDGE('',*,*,#1047,.F.);
#753=ORIENTED_EDGE('',*,*,#1028,.F.);
#754=EDGE_CURVE('',#1048,#1049,#1240,.T.);
#755=EDGE_CURVE('',#1049,#1050,#1241,.T.);
#756=EDGE_CURVE('',#1051,#1050,#1242,.T.);
#757=EDGE_CURVE('',#1048,#1051,#1243,.T.);
#758=EDGE_CURVE('',#1052,#1050,#1244,.T.);
#759=EDGE_CURVE('',#1053,#1052,#1245,.T.);
#760=EDGE_CURVE('',#1053,#1051,#1246,.T.);
#761=EDGE_CURVE('',#1054,#1055,#1247,.T.);
#762=EDGE_CURVE('',#1054,#1056,#1248,.T.);
#763=EDGE_CURVE('',#1057,#1056,#1249,.T.);
#764=EDGE_CURVE('',#1055,#1057,#1250,.T.);
#765=EDGE_CURVE('',#1058,#1059,#1251,.T.);
#766=EDGE_CURVE('',#1058,#1060,#1252,.T.);
#767=EDGE_CURVE('',#1060,#1061,#1253,.T.);
#768=EDGE_CURVE('',#1059,#1061,#1254,.T.);
#769=EDGE_CURVE('',#1062,#1063,#1255,.T.);
#770=EDGE_CURVE('',#1063,#1049,#1256,.T.);
#771=EDGE_CURVE('',#1062,#1048,#1257,.T.);
#772=EDGE_CURVE('',#1063,#1052,#1258,.T.);
#773=EDGE_CURVE('',#1062,#1053,#1259,.T.);
#774=EDGE_CURVE('',#1064,#1065,#1260,.T.);
#775=EDGE_CURVE('',#1066,#1065,#1261,.T.);
#776=EDGE_CURVE('',#1067,#1066,#1262,.T.);
#777=EDGE_CURVE('',#1067,#1064,#1263,.T.);
#778=EDGE_CURVE('',#1055,#1068,#1264,.T.);
#779=EDGE_CURVE('',#1068,#1069,#1265,.T.);
#780=EDGE_CURVE('',#1054,#1069,#1266,.T.);
#781=EDGE_CURVE('',#1068,#1070,#1267,.T.);
#782=EDGE_CURVE('',#1071,#1070,#1268,.T.);
#783=EDGE_CURVE('',#1069,#1071,#1269,.T.);
#784=EDGE_CURVE('',#1066,#1072,#1270,.T.);
#785=EDGE_CURVE('',#1072,#1073,#1271,.T.);
#786=EDGE_CURVE('',#1067,#1073,#1272,.T.);
#787=EDGE_CURVE('',#1074,#1070,#1273,.T.);
#788=EDGE_CURVE('',#1075,#1074,#1274,.T.);
#789=EDGE_CURVE('',#1075,#1071,#1275,.T.);
#790=EDGE_CURVE('',#1065,#1056,#1276,.T.);
#791=EDGE_CURVE('',#1064,#1057,#1277,.T.);
#792=EDGE_CURVE('',#1061,#1074,#1278,.T.);
#793=EDGE_CURVE('',#1059,#1073,#1279,.T.);
#794=EDGE_CURVE('',#1060,#1075,#1280,.T.);
#795=EDGE_CURVE('',#1058,#1072,#1281,.T.);
#796=EDGE_CURVE('',#1076,#1077,#1282,.T.);
#797=EDGE_CURVE('',#1078,#1076,#1283,.T.);
#798=EDGE_CURVE('',#1078,#1079,#1284,.T.);
#799=EDGE_CURVE('',#1079,#1080,#1285,.T.);
#800=EDGE_CURVE('',#1080,#1081,#1286,.T.);
#801=EDGE_CURVE('',#1081,#1082,#1287,.T.);
#802=EDGE_CURVE('',#1082,#1083,#1288,.T.);
#803=EDGE_CURVE('',#1083,#1077,#1289,.T.);
#804=EDGE_CURVE('',#1084,#1085,#14,.T.);
#805=EDGE_CURVE('',#1085,#1086,#1290,.T.);
#806=EDGE_CURVE('',#1086,#1087,#15,.T.);
#807=EDGE_CURVE('',#1084,#1087,#1291,.T.);
#808=EDGE_CURVE('',#1086,#1088,#1292,.T.);
#809=EDGE_CURVE('',#1089,#1085,#1293,.T.);
#810=EDGE_CURVE('',#1088,#1089,#1294,.T.);
#811=EDGE_CURVE('',#1090,#1091,#1295,.T.);
#812=EDGE_CURVE('',#1090,#1088,#16,.T.);
#813=EDGE_CURVE('',#1089,#1091,#17,.T.);
#814=EDGE_CURVE('',#1092,#1093,#1296,.T.);
#815=EDGE_CURVE('',#1093,#1094,#1297,.T.);
#816=EDGE_CURVE('',#1094,#1095,#1298,.T.);
#817=EDGE_CURVE('',#1095,#1092,#1299,.T.);
#818=EDGE_CURVE('',#1096,#1097,#1300,.T.);
#819=EDGE_CURVE('',#1098,#1097,#1301,.T.);
#820=EDGE_CURVE('',#1087,#1098,#18,.T.);
#821=EDGE_CURVE('',#1090,#1099,#19,.T.);
#822=EDGE_CURVE('',#1099,#1096,#1302,.T.);
#823=EDGE_CURVE('',#1100,#1101,#1303,.T.);
#824=EDGE_CURVE('',#1101,#1102,#20,.T.);
#825=EDGE_CURVE('',#1103,#1102,#1304,.T.);
#826=EDGE_CURVE('',#1098,#1103,#1305,.T.);
#827=EDGE_CURVE('',#1100,#1097,#1306,.T.);
#828=EDGE_CURVE('',#1104,#1105,#1307,.T.);
#829=EDGE_CURVE('',#1105,#1106,#1308,.T.);
#830=EDGE_CURVE('',#1106,#1107,#1309,.T.);
#831=EDGE_CURVE('',#1107,#1104,#1310,.T.);
#832=EDGE_CURVE('',#1079,#1108,#1311,.T.);
#833=EDGE_CURVE('',#1104,#1079,#21,.T.);
#834=EDGE_CURVE('',#1108,#1107,#10,.T.);
#835=EDGE_CURVE('',#1109,#1108,#1312,.T.);
#836=EDGE_CURVE('',#1109,#1093,#22,.T.);
#837=EDGE_CURVE('',#1092,#1108,#23,.T.);
#838=EDGE_CURVE('',#1110,#1111,#1313,.T.);
#839=EDGE_CURVE('',#1111,#1112,#1314,.T.);
#840=EDGE_CURVE('',#1112,#1113,#1315,.T.);
#841=EDGE_CURVE('',#1113,#1110,#1316,.T.);
#842=EDGE_CURVE('',#1082,#1113,#24,.T.);
#843=EDGE_CURVE('',#1109,#1082,#1317,.T.);
#844=EDGE_CURVE('',#1110,#1109,#11,.T.);
#845=EDGE_CURVE('',#1114,#1115,#1318,.T.);
#846=EDGE_CURVE('',#1114,#1116,#25,.T.);
#847=EDGE_CURVE('',#1116,#1117,#1319,.T.);
#848=EDGE_CURVE('',#1096,#1117,#1320,.T.);
#849=EDGE_CURVE('',#1115,#1099,#1321,.T.);
#850=EDGE_CURVE('',#1118,#1119,#26,.T.);
#851=EDGE_CURVE('',#1120,#1119,#1322,.T.);
#852=EDGE_CURVE('',#1121,#1120,#27,.T.);
#853=EDGE_CURVE('',#1118,#1121,#1323,.T.);
#854=EDGE_CURVE('',#1119,#1105,#28,.T.);
#855=EDGE_CURVE('',#1122,#1118,#1324,.T.);
#856=EDGE_CURVE('',#1106,#1122,#29,.T.);
#857=EDGE_CURVE('',#1123,#1100,#30,.T.);
#858=EDGE_CURVE('',#1124,#1123,#1325,.T.);
#859=EDGE_CURVE('',#1101,#1124,#31,.T.);
#860=EDGE_CURVE('',#1125,#1124,#1326,.T.);
#861=EDGE_CURVE('',#1126,#1125,#32,.T.);
#862=EDGE_CURVE('',#1127,#1126,#33,.T.);
#863=EDGE_CURVE('',#1102,#1127,#1327,.T.);
#864=EDGE_CURVE('',#1128,#1129,#1328,.T.);
#865=EDGE_CURVE('',#1129,#1084,#34,.T.);
#866=EDGE_CURVE('',#1103,#1128,#35,.T.);
#867=EDGE_CURVE('',#1130,#1091,#36,.T.);
#868=EDGE_CURVE('',#1129,#1130,#1329,.T.);
#869=EDGE_CURVE('',#1131,#1115,#37,.T.);
#870=EDGE_CURVE('',#1131,#1130,#1330,.T.);
#871=EDGE_CURVE('',#1127,#1132,#1331,.T.);
#872=EDGE_CURVE('',#1132,#1128,#1332,.T.);
#873=EDGE_CURVE('',#1094,#1081,#38,.T.);
#874=EDGE_CURVE('',#1080,#1095,#39,.T.);
#875=EDGE_CURVE('',#1133,#1078,#1333,.T.);
#876=EDGE_CURVE('',#1133,#1120,#40,.T.);
#877=EDGE_CURVE('',#1117,#1134,#41,.T.);
#878=EDGE_CURVE('',#1135,#1116,#42,.T.);
#879=EDGE_CURVE('',#1134,#1135,#1334,.T.);
#880=EDGE_CURVE('',#1136,#1134,#1335,.T.);
#881=EDGE_CURVE('',#1136,#1111,#43,.T.);
#882=EDGE_CURVE('',#1123,#1122,#1336,.T.);
#883=EDGE_CURVE('',#1137,#1136,#1337,.T.);
#884=EDGE_CURVE('',#1138,#1137,#44,.T.);
#885=EDGE_CURVE('',#1112,#1138,#45,.T.);
#886=EDGE_CURVE('',#1139,#1137,#1338,.T.);
#887=EDGE_CURVE('',#1140,#1139,#46,.T.);
#888=EDGE_CURVE('',#1138,#1140,#1339,.T.);
#889=EDGE_CURVE('',#1140,#1141,#47,.T.);
#890=EDGE_CURVE('',#1083,#1141,#1340,.T.);
#891=EDGE_CURVE('',#1142,#1143,#1341,.T.);
#892=EDGE_CURVE('',#1143,#1114,#1342,.T.);
#893=EDGE_CURVE('',#1131,#1142,#1343,.T.);
#894=EDGE_CURVE('',#1144,#1143,#48,.T.);
#895=EDGE_CURVE('',#1145,#1144,#49,.T.);
#896=EDGE_CURVE('',#1135,#1145,#1344,.T.);
#897=EDGE_CURVE('',#1141,#1146,#1345,.T.);
#898=EDGE_CURVE('',#1147,#1146,#1346,.T.);
#899=EDGE_CURVE('',#1077,#1147,#1347,.T.);
#900=EDGE_CURVE('',#1148,#1149,#1348,.T.);
#901=EDGE_CURVE('',#1148,#1133,#1349,.T.);
#902=EDGE_CURVE('',#1076,#1149,#1350,.T.);
#903=EDGE_CURVE('',#1150,#1151,#1351,.T.);
#904=EDGE_CURVE('',#1150,#1139,#1352,.T.);
#905=EDGE_CURVE('',#1145,#1151,#1353,.T.);
#906=EDGE_CURVE('',#1146,#1150,#50,.T.);
#907=EDGE_CURVE('',#1152,#1153,#1354,.T.);
#908=EDGE_CURVE('',#1153,#1125,#1355,.T.);
#909=EDGE_CURVE('',#1121,#1152,#1356,.T.);
#910=EDGE_CURVE('',#1154,#1155,#1357,.T.);
#911=EDGE_CURVE('',#1155,#1144,#1358,.T.);
#912=EDGE_CURVE('',#1142,#1154,#1359,.T.);
#913=EDGE_CURVE('',#1132,#1156,#1360,.T.);
#914=EDGE_CURVE('',#1156,#1154,#1361,.T.);
#915=EDGE_CURVE('',#1126,#1157,#1362,.T.);
#916=EDGE_CURVE('',#1157,#1156,#1363,.T.);
#917=EDGE_CURVE('',#1157,#1153,#51,.T.);
#918=EDGE_CURVE('',#1151,#1155,#52,.T.);
#919=EDGE_CURVE('',#1152,#1148,#53,.T.);
#920=EDGE_CURVE('',#1158,#1149,#1364,.T.);
#921=EDGE_CURVE('',#1158,#1159,#1365,.T.);
#922=EDGE_CURVE('',#1159,#1160,#54,.T.);
#923=EDGE_CURVE('',#1161,#1160,#1366,.T.);
#924=EDGE_CURVE('',#1161,#1162,#55,.T.);
#925=EDGE_CURVE('',#1163,#1162,#1367,.T.);
#926=EDGE_CURVE('',#1164,#1163,#1368,.T.);
#927=EDGE_CURVE('',#1165,#1164,#1369,.T.);
#928=EDGE_CURVE('',#1165,#1166,#56,.T.);
#929=EDGE_CURVE('',#1166,#1167,#1370,.T.);
#930=EDGE_CURVE('',#1167,#1168,#57,.T.);
#931=EDGE_CURVE('',#1168,#1169,#1371,.T.);
#932=EDGE_CURVE('',#1169,#1147,#1372,.T.);
#933=EDGE_CURVE('',#1170,#1171,#58,.T.);
#934=EDGE_CURVE('',#1172,#1171,#1373,.T.);
#935=EDGE_CURVE('',#1173,#1172,#59,.T.);
#936=EDGE_CURVE('',#1170,#1173,#1374,.T.);
#937=EDGE_CURVE('',#1174,#1175,#60,.T.);
#938=EDGE_CURVE('',#1171,#1175,#1375,.T.);
#939=EDGE_CURVE('',#1176,#1170,#61,.T.);
#940=EDGE_CURVE('',#1177,#1176,#1376,.T.);
#941=EDGE_CURVE('',#1174,#1177,#62,.T.);
#942=EDGE_CURVE('',#1175,#1161,#1377,.T.);
#943=EDGE_CURVE('',#1162,#1174,#1378,.T.);
#944=EDGE_CURVE('',#1178,#1165,#1379,.T.);
#945=EDGE_CURVE('',#1178,#1179,#63,.T.);
#946=EDGE_CURVE('',#1166,#1179,#1380,.T.);
#947=EDGE_CURVE('',#1180,#1181,#64,.T.);
#948=EDGE_CURVE('',#1179,#1181,#1381,.T.);
#949=EDGE_CURVE('',#1182,#1178,#65,.T.);
#950=EDGE_CURVE('',#1183,#1182,#1382,.T.);
#951=EDGE_CURVE('',#1180,#1183,#66,.T.);
#952=EDGE_CURVE('',#1184,#1185,#67,.T.);
#953=EDGE_CURVE('',#1181,#1184,#1383,.T.);
#954=EDGE_CURVE('',#1185,#1180,#1384,.T.);
#955=EDGE_CURVE('',#1186,#1187,#68,.T.);
#956=EDGE_CURVE('',#1188,#1186,#1385,.T.);
#957=EDGE_CURVE('',#1189,#1188,#69,.T.);
#958=EDGE_CURVE('',#1190,#1189,#1386,.T.);
#959=EDGE_CURVE('',#1190,#1187,#70,.T.);
#960=EDGE_CURVE('',#1187,#1191,#1387,.T.);
#961=EDGE_CURVE('',#1192,#1190,#1388,.T.);
#962=EDGE_CURVE('',#1192,#1191,#71,.T.);
#963=EDGE_CURVE('',#1193,#1159,#1389,.T.);
#964=EDGE_CURVE('',#1191,#1193,#72,.T.);
#965=EDGE_CURVE('',#1160,#1192,#1390,.T.);
#966=EDGE_CURVE('',#1194,#1167,#1391,.T.);
#967=EDGE_CURVE('',#1194,#1195,#73,.T.);
#968=EDGE_CURVE('',#1196,#1195,#74,.T.);
#969=EDGE_CURVE('',#1168,#1196,#1392,.T.);
#970=EDGE_CURVE('',#1197,#1198,#75,.T.);
#971=EDGE_CURVE('',#1195,#1198,#1393,.T.);
#972=EDGE_CURVE('',#1197,#1194,#1394,.T.);
#973=EDGE_CURVE('',#1199,#1200,#1395,.T.);
#974=EDGE_CURVE('',#1198,#1199,#76,.T.);
#975=EDGE_CURVE('',#1201,#1197,#1396,.T.);
#976=EDGE_CURVE('',#1200,#1201,#77,.T.);
#977=EDGE_CURVE('',#1189,#1172,#1397,.T.);
#978=EDGE_CURVE('',#1184,#1201,#1398,.T.);
#979=EDGE_CURVE('',#1202,#1203,#1399,.T.);
#980=EDGE_CURVE('',#1203,#1204,#78,.T.);
#981=EDGE_CURVE('',#1205,#1204,#1400,.T.);
#982=EDGE_CURVE('',#1205,#1206,#79,.T.);
#983=EDGE_CURVE('',#1206,#1207,#1401,.T.);
#984=EDGE_CURVE('',#1207,#1202,#80,.T.);
#985=EDGE_CURVE('',#1204,#1208,#81,.T.);
#986=EDGE_CURVE('',#1208,#1209,#1402,.T.);
#987=EDGE_CURVE('',#1209,#1205,#82,.T.);
#988=EDGE_CURVE('',#1210,#1211,#1403,.T.);
#989=EDGE_CURVE('',#1210,#1212,#83,.T.);
#990=EDGE_CURVE('',#1212,#1213,#1404,.T.);
#991=EDGE_CURVE('',#1213,#1211,#84,.T.);
#992=EDGE_CURVE('',#1214,#1215,#85,.T.);
#993=EDGE_CURVE('',#1215,#1216,#1405,.T.);
#994=EDGE_CURVE('',#1210,#1216,#86,.T.);
#995=EDGE_CURVE('',#1217,#1211,#87,.T.);
#996=EDGE_CURVE('',#1214,#1217,#1406,.T.);
#997=EDGE_CURVE('',#1218,#1219,#1407,.T.);
#998=EDGE_CURVE('',#1206,#1219,#1408,.T.);
#999=EDGE_CURVE('',#1209,#1212,#1409,.T.);
#1000=EDGE_CURVE('',#1216,#1218,#1410,.T.);
#1001=EDGE_CURVE('',#1213,#1208,#1411,.T.);
#1002=EDGE_CURVE('',#1203,#1217,#1412,.T.);
#1003=EDGE_CURVE('',#1220,#1202,#1413,.T.);
#1004=EDGE_CURVE('',#1220,#1164,#1414,.T.);
#1005=EDGE_CURVE('',#1221,#1163,#1415,.T.);
#1006=EDGE_CURVE('',#1214,#1221,#1416,.T.);
#1007=EDGE_CURVE('',#1222,#1223,#88,.T.);
#1008=EDGE_CURVE('',#1224,#1222,#1417,.T.);
#1009=EDGE_CURVE('',#1225,#1224,#12,.T.);
#1010=EDGE_CURVE('',#1225,#1223,#1418,.T.);
#1011=EDGE_CURVE('',#1226,#1227,#89,.T.);
#1012=EDGE_CURVE('',#1223,#1226,#1419,.T.);
#1013=EDGE_CURVE('',#1228,#1225,#90,.T.);
#1014=EDGE_CURVE('',#1227,#1228,#1420,.T.);
#1015=EDGE_CURVE('',#1229,#1230,#1421,.T.);
#1016=EDGE_CURVE('',#1231,#1230,#1422,.T.);
#1017=EDGE_CURVE('',#1232,#1231,#91,.T.);
#1018=EDGE_CURVE('',#1233,#1232,#1423,.T.);
#1019=EDGE_CURVE('',#1229,#1233,#92,.T.);
#1020=EDGE_CURVE('',#1234,#1235,#1424,.T.);
#1021=EDGE_CURVE('',#1230,#1234,#93,.T.);
#1022=EDGE_CURVE('',#1235,#1229,#13,.T.);
#1023=EDGE_CURVE('',#1229,#1225,#1425,.T.);
#1024=EDGE_CURVE('',#1228,#1233,#1426,.T.);
#1025=EDGE_CURVE('',#1232,#1227,#1427,.T.);
#1026=EDGE_CURVE('',#1226,#1231,#1428,.T.);
#1027=EDGE_CURVE('',#1236,#1237,#1429,.T.);
#1028=EDGE_CURVE('',#1237,#1238,#1430,.T.);
#1029=EDGE_CURVE('',#1239,#1238,#1431,.T.);
#1030=EDGE_CURVE('',#1239,#1223,#1432,.T.);
#1031=EDGE_CURVE('',#1230,#1236,#1433,.T.);
#1032=EDGE_CURVE('',#1182,#1220,#1434,.T.);
#1033=EDGE_CURVE('',#1207,#1183,#1435,.T.);
#1034=EDGE_CURVE('',#1185,#1219,#1436,.T.);
#1035=EDGE_CURVE('',#1196,#1239,#1437,.T.);
#1036=EDGE_CURVE('',#1222,#1199,#1438,.T.);
#1037=EDGE_CURVE('',#1238,#1169,#1439,.T.);
#1038=EDGE_CURVE('',#1200,#1224,#1440,.T.);
#1039=EDGE_CURVE('',#1221,#1177,#1441,.T.);
#1040=EDGE_CURVE('',#1218,#1173,#1442,.T.);
#1041=EDGE_CURVE('',#1176,#1215,#1443,.T.);
#1042=EDGE_CURVE('',#1236,#1193,#1444,.T.);
#1043=EDGE_CURVE('',#1186,#1234,#1445,.T.);
#1044=EDGE_CURVE('',#1237,#1158,#1446,.T.);
#1045=EDGE_CURVE('',#1235,#1188,#1447,.T.);
#1046=EDGE_CURVE('',#1237,#1076,#1448,.T.);
#1047=EDGE_CURVE('',#1238,#1077,#1449,.T.);
#1048=VERTEX_POINT('',#2881);
#1049=VERTEX_POINT('',#2882);
#1050=VERTEX_POINT('',#2884);
#1051=VERTEX_POINT('',#2886);
#1052=VERTEX_POINT('',#2890);
#1053=VERTEX_POINT('',#2892);
#1054=VERTEX_POINT('',#2895);
#1055=VERTEX_POINT('',#2896);
#1056=VERTEX_POINT('',#2898);
#1057=VERTEX_POINT('',#2900);
#1058=VERTEX_POINT('',#2904);
#1059=VERTEX_POINT('',#2905);
#1060=VERTEX_POINT('',#2907);
#1061=VERTEX_POINT('',#2909);
#1062=VERTEX_POINT('',#2912);
#1063=VERTEX_POINT('',#2913);
#1064=VERTEX_POINT('',#2921);
#1065=VERTEX_POINT('',#2922);
#1066=VERTEX_POINT('',#2924);
#1067=VERTEX_POINT('',#2926);
#1068=VERTEX_POINT('',#2930);
#1069=VERTEX_POINT('',#2932);
#1070=VERTEX_POINT('',#2936);
#1071=VERTEX_POINT('',#2938);
#1072=VERTEX_POINT('',#2942);
#1073=VERTEX_POINT('',#2944);
#1074=VERTEX_POINT('',#2948);
#1075=VERTEX_POINT('',#2950);
#1076=VERTEX_POINT('',#2969);
#1077=VERTEX_POINT('',#2970);
#1078=VERTEX_POINT('',#2972);
#1079=VERTEX_POINT('',#2974);
#1080=VERTEX_POINT('',#2976);
#1081=VERTEX_POINT('',#2978);
#1082=VERTEX_POINT('',#2980);
#1083=VERTEX_POINT('',#2982);
#1084=VERTEX_POINT('',#2986);
#1085=VERTEX_POINT('',#2987);
#1086=VERTEX_POINT('',#2989);
#1087=VERTEX_POINT('',#2991);
#1088=VERTEX_POINT('',#2995);
#1089=VERTEX_POINT('',#2997);
#1090=VERTEX_POINT('',#3001);
#1091=VERTEX_POINT('',#3002);
#1092=VERTEX_POINT('',#3007);
#1093=VERTEX_POINT('',#3008);
#1094=VERTEX_POINT('',#3010);
#1095=VERTEX_POINT('',#3012);
#1096=VERTEX_POINT('',#3016);
#1097=VERTEX_POINT('',#3017);
#1098=VERTEX_POINT('',#3019);
#1099=VERTEX_POINT('',#3022);
#1100=VERTEX_POINT('',#3026);
#1101=VERTEX_POINT('',#3027);
#1102=VERTEX_POINT('',#3029);
#1103=VERTEX_POINT('',#3031);
#1104=VERTEX_POINT('',#3036);
#1105=VERTEX_POINT('',#3037);
#1106=VERTEX_POINT('',#3039);
#1107=VERTEX_POINT('',#3041);
#1108=VERTEX_POINT('',#3045);
#1109=VERTEX_POINT('',#3050);
#1110=VERTEX_POINT('',#3055);
#1111=VERTEX_POINT('',#3056);
#1112=VERTEX_POINT('',#3058);
#1113=VERTEX_POINT('',#3060);
#1114=VERTEX_POINT('',#3068);
#1115=VERTEX_POINT('',#3069);
#1116=VERTEX_POINT('',#3071);
#1117=VERTEX_POINT('',#3073);
#1118=VERTEX_POINT('',#3078);
#1119=VERTEX_POINT('',#3079);
#1120=VERTEX_POINT('',#3081);
#1121=VERTEX_POINT('',#3083);
#1122=VERTEX_POINT('',#3088);
#1123=VERTEX_POINT('',#3092);
#1124=VERTEX_POINT('',#3094);
#1125=VERTEX_POINT('',#3098);
#1126=VERTEX_POINT('',#3100);
#1127=VERTEX_POINT('',#3102);
#1128=VERTEX_POINT('',#3106);
#1129=VERTEX_POINT('',#3107);
#1130=VERTEX_POINT('',#3112);
#1131=VERTEX_POINT('',#3116);
#1132=VERTEX_POINT('',#3120);
#1133=VERTEX_POINT('',#3128);
#1134=VERTEX_POINT('',#3133);
#1135=VERTEX_POINT('',#3135);
#1136=VERTEX_POINT('',#3139);
#1137=VERTEX_POINT('',#3144);
#1138=VERTEX_POINT('',#3146);
#1139=VERTEX_POINT('',#3150);
#1140=VERTEX_POINT('',#3152);
#1141=VERTEX_POINT('',#3156);
#1142=VERTEX_POINT('',#3160);
#1143=VERTEX_POINT('',#3161);
#1144=VERTEX_POINT('',#3166);
#1145=VERTEX_POINT('',#3168);
#1146=VERTEX_POINT('',#3172);
#1147=VERTEX_POINT('',#3174);
#1148=VERTEX_POINT('',#3178);
#1149=VERTEX_POINT('',#3179);
#1150=VERTEX_POINT('',#3184);
#1151=VERTEX_POINT('',#3185);
#1152=VERTEX_POINT('',#3192);
#1153=VERTEX_POINT('',#3193);
#1154=VERTEX_POINT('',#3198);
#1155=VERTEX_POINT('',#3199);
#1156=VERTEX_POINT('',#3204);
#1157=VERTEX_POINT('',#3208);
#1158=VERTEX_POINT('',#3218);
#1159=VERTEX_POINT('',#3220);
#1160=VERTEX_POINT('',#3222);
#1161=VERTEX_POINT('',#3224);
#1162=VERTEX_POINT('',#3226);
#1163=VERTEX_POINT('',#3228);
#1164=VERTEX_POINT('',#3230);
#1165=VERTEX_POINT('',#3232);
#1166=VERTEX_POINT('',#3234);
#1167=VERTEX_POINT('',#3236);
#1168=VERTEX_POINT('',#3238);
#1169=VERTEX_POINT('',#3240);
#1170=VERTEX_POINT('',#3244);
#1171=VERTEX_POINT('',#3245);
#1172=VERTEX_POINT('',#3247);
#1173=VERTEX_POINT('',#3249);
#1174=VERTEX_POINT('',#3253);
#1175=VERTEX_POINT('',#3254);
#1176=VERTEX_POINT('',#3257);
#1177=VERTEX_POINT('',#3259);
#1178=VERTEX_POINT('',#3266);
#1179=VERTEX_POINT('',#3268);
#1180=VERTEX_POINT('',#3272);
#1181=VERTEX_POINT('',#3273);
#1182=VERTEX_POINT('',#3276);
#1183=VERTEX_POINT('',#3278);
#1184=VERTEX_POINT('',#3282);
#1185=VERTEX_POINT('',#3283);
#1186=VERTEX_POINT('',#3288);
#1187=VERTEX_POINT('',#3289);
#1188=VERTEX_POINT('',#3291);
#1189=VERTEX_POINT('',#3293);
#1190=VERTEX_POINT('',#3295);
#1191=VERTEX_POINT('',#3299);
#1192=VERTEX_POINT('',#3301);
#1193=VERTEX_POINT('',#3305);
#1194=VERTEX_POINT('',#3310);
#1195=VERTEX_POINT('',#3312);
#1196=VERTEX_POINT('',#3314);
#1197=VERTEX_POINT('',#3318);
#1198=VERTEX_POINT('',#3319);
#1199=VERTEX_POINT('',#3324);
#1200=VERTEX_POINT('',#3325);
#1201=VERTEX_POINT('',#3328);
#1202=VERTEX_POINT('',#3336);
#1203=VERTEX_POINT('',#3337);
#1204=VERTEX_POINT('',#3339);
#1205=VERTEX_POINT('',#3341);
#1206=VERTEX_POINT('',#3343);
#1207=VERTEX_POINT('',#3345);
#1208=VERTEX_POINT('',#3349);
#1209=VERTEX_POINT('',#3351);
#1210=VERTEX_POINT('',#3355);
#1211=VERTEX_POINT('',#3356);
#1212=VERTEX_POINT('',#3358);
#1213=VERTEX_POINT('',#3360);
#1214=VERTEX_POINT('',#3364);
#1215=VERTEX_POINT('',#3365);
#1216=VERTEX_POINT('',#3367);
#1217=VERTEX_POINT('',#3370);
#1218=VERTEX_POINT('',#3374);
#1219=VERTEX_POINT('',#3375);
#1220=VERTEX_POINT('',#3385);
#1221=VERTEX_POINT('',#3388);
#1222=VERTEX_POINT('',#3392);
#1223=VERTEX_POINT('',#3393);
#1224=VERTEX_POINT('',#3395);
#1225=VERTEX_POINT('',#3397);
#1226=VERTEX_POINT('',#3401);
#1227=VERTEX_POINT('',#3402);
#1228=VERTEX_POINT('',#3405);
#1229=VERTEX_POINT('',#3409);
#1230=VERTEX_POINT('',#3410);
#1231=VERTEX_POINT('',#3412);
#1232=VERTEX_POINT('',#3414);
#1233=VERTEX_POINT('',#3416);
#1234=VERTEX_POINT('',#3420);
#1235=VERTEX_POINT('',#3421);
#1236=VERTEX_POINT('',#3433);
#1237=VERTEX_POINT('',#3434);
#1238=VERTEX_POINT('',#3436);
#1239=VERTEX_POINT('',#3438);
#1240=LINE('',#2880,#1450);
#1241=LINE('',#2883,#1451);
#1242=LINE('',#2885,#1452);
#1243=LINE('',#2887,#1453);
#1244=LINE('',#2889,#1454);
#1245=LINE('',#2891,#1455);
#1246=LINE('',#2893,#1456);
#1247=LINE('',#2894,#1457);
#1248=LINE('',#2897,#1458);
#1249=LINE('',#2899,#1459);
#1250=LINE('',#2901,#1460);
#1251=LINE('',#2903,#1461);
#1252=LINE('',#2906,#1462);
#1253=LINE('',#2908,#1463);
#1254=LINE('',#2910,#1464);
#1255=LINE('',#2911,#1465);
#1256=LINE('',#2914,#1466);
#1257=LINE('',#2915,#1467);
#1258=LINE('',#2917,#1468);
#1259=LINE('',#2918,#1469);
#1260=LINE('',#2920,#1470);
#1261=LINE('',#2923,#1471);
#1262=LINE('',#2925,#1472);
#1263=LINE('',#2927,#1473);
#1264=LINE('',#2929,#1474);
#1265=LINE('',#2931,#1475);
#1266=LINE('',#2933,#1476);
#1267=LINE('',#2935,#1477);
#1268=LINE('',#2937,#1478);
#1269=LINE('',#2939,#1479);
#1270=LINE('',#2941,#1480);
#1271=LINE('',#2943,#1481);
#1272=LINE('',#2945,#1482);
#1273=LINE('',#2947,#1483);
#1274=LINE('',#2949,#1484);
#1275=LINE('',#2951,#1485);
#1276=LINE('',#2953,#1486);
#1277=LINE('',#2954,#1487);
#1278=LINE('',#2956,#1488);
#1279=LINE('',#2957,#1489);
#1280=LINE('',#2959,#1490);
#1281=LINE('',#2961,#1491);
#1282=LINE('',#2968,#1492);
#1283=LINE('',#2971,#1493);
#1284=LINE('',#2973,#1494);
#1285=LINE('',#2975,#1495);
#1286=LINE('',#2977,#1496);
#1287=LINE('',#2979,#1497);
#1288=LINE('',#2981,#1498);
#1289=LINE('',#2983,#1499);
#1290=LINE('',#2988,#1500);
#1291=LINE('',#2992,#1501);
#1292=LINE('',#2994,#1502);
#1293=LINE('',#2996,#1503);
#1294=LINE('',#2998,#1504);
#1295=LINE('',#3000,#1505);
#1296=LINE('',#3006,#1506);
#1297=LINE('',#3009,#1507);
#1298=LINE('',#3011,#1508);
#1299=LINE('',#3013,#1509);
#1300=LINE('',#3015,#1510);
#1301=LINE('',#3018,#1511);
#1302=LINE('',#3023,#1512);
#1303=LINE('',#3025,#1513);
#1304=LINE('',#3030,#1514);
#1305=LINE('',#3032,#1515);
#1306=LINE('',#3033,#1516);
#1307=LINE('',#3035,#1517);
#1308=LINE('',#3038,#1518);
#1309=LINE('',#3040,#1519);
#1310=LINE('',#3042,#1520);
#1311=LINE('',#3044,#1521);
#1312=LINE('',#3049,#1522);
#1313=LINE('',#3054,#1523);
#1314=LINE('',#3057,#1524);
#1315=LINE('',#3059,#1525);
#1316=LINE('',#3061,#1526);
#1317=LINE('',#3064,#1527);
#1318=LINE('',#3067,#1528);
#1319=LINE('',#3072,#1529);
#1320=LINE('',#3074,#1530);
#1321=LINE('',#3075,#1531);
#1322=LINE('',#3080,#1532);
#1323=LINE('',#3084,#1533);
#1324=LINE('',#3087,#1534);
#1325=LINE('',#3093,#1535);
#1326=LINE('',#3097,#1536);
#1327=LINE('',#3103,#1537);
#1328=LINE('',#3105,#1538);
#1329=LINE('',#3113,#1539);
#1330=LINE('',#3117,#1540);
#1331=LINE('',#3119,#1541);
#1332=LINE('',#3121,#1542);
#1333=LINE('',#3127,#1543);
#1334=LINE('',#3136,#1544);
#1335=LINE('',#3138,#1545);
#1336=LINE('',#3141,#1546);
#1337=LINE('',#3143,#1547);
#1338=LINE('',#3149,#1548);
#1339=LINE('',#3153,#1549);
#1340=LINE('',#3157,#1550);
#1341=LINE('',#3159,#1551);
#1342=LINE('',#3162,#1552);
#1343=LINE('',#3163,#1553);
#1344=LINE('',#3169,#1554);
#1345=LINE('',#3171,#1555);
#1346=LINE('',#3173,#1556);
#1347=LINE('',#3175,#1557);
#1348=LINE('',#3177,#1558);
#1349=LINE('',#3180,#1559);
#1350=LINE('',#3181,#1560);
#1351=LINE('',#3183,#1561);
#1352=LINE('',#3186,#1562);
#1353=LINE('',#3187,#1563);
#1354=LINE('',#3191,#1564);
#1355=LINE('',#3194,#1565);
#1356=LINE('',#3195,#1566);
#1357=LINE('',#3197,#1567);
#1358=LINE('',#3200,#1568);
#1359=LINE('',#3201,#1569);
#1360=LINE('',#3203,#1570);
#1361=LINE('',#3205,#1571);
#1362=LINE('',#3207,#1572);
#1363=LINE('',#3209,#1573);
#1364=LINE('',#3217,#1574);
#1365=LINE('',#3219,#1575);
#1366=LINE('',#3223,#1576);
#1367=LINE('',#3227,#1577);
#1368=LINE('',#3229,#1578);
#1369=LINE('',#3231,#1579);
#1370=LINE('',#3235,#1580);
#1371=LINE('',#3239,#1581);
#1372=LINE('',#3241,#1582);
#1373=LINE('',#3246,#1583);
#1374=LINE('',#3250,#1584);
#1375=LINE('',#3255,#1585);
#1376=LINE('',#3258,#1586);
#1377=LINE('',#3262,#1587);
#1378=LINE('',#3263,#1588);
#1379=LINE('',#3265,#1589);
#1380=LINE('',#3269,#1590);
#1381=LINE('',#3274,#1591);
#1382=LINE('',#3277,#1592);
#1383=LINE('',#3284,#1593);
#1384=LINE('',#3285,#1594);
#1385=LINE('',#3290,#1595);
#1386=LINE('',#3294,#1596);
#1387=LINE('',#3298,#1597);
#1388=LINE('',#3300,#1598);
#1389=LINE('',#3304,#1599);
#1390=LINE('',#3307,#1600);
#1391=LINE('',#3309,#1601);
#1392=LINE('',#3315,#1602);
#1393=LINE('',#3320,#1603);
#1394=LINE('',#3321,#1604);
#1395=LINE('',#3323,#1605);
#1396=LINE('',#3327,#1606);
#1397=LINE('',#3331,#1607);
#1398=LINE('',#3333,#1608);
#1399=LINE('',#3335,#1609);
#1400=LINE('',#3340,#1610);
#1401=LINE('',#3344,#1611);
#1402=LINE('',#3350,#1612);
#1403=LINE('',#3354,#1613);
#1404=LINE('',#3359,#1614);
#1405=LINE('',#3366,#1615);
#1406=LINE('',#3371,#1616);
#1407=LINE('',#3373,#1617);
#1408=LINE('',#3376,#1618);
#1409=LINE('',#3377,#1619);
#1410=LINE('',#3378,#1620);
#1411=LINE('',#3380,#1621);
#1412=LINE('',#3381,#1622);
#1413=LINE('',#3384,#1623);
#1414=LINE('',#3386,#1624);
#1415=LINE('',#3387,#1625);
#1416=LINE('',#3389,#1626);
#1417=LINE('',#3394,#1627);
#1418=LINE('',#3398,#1628);
#1419=LINE('',#3403,#1629);
#1420=LINE('',#3406,#1630);
#1421=LINE('',#3408,#1631);
#1422=LINE('',#3411,#1632);
#1423=LINE('',#3415,#1633);
#1424=LINE('',#3419,#1634);
#1425=LINE('',#3425,#1635);
#1426=LINE('',#3426,#1636);
#1427=LINE('',#3428,#1637);
#1428=LINE('',#3429,#1638);
#1429=LINE('',#3432,#1639);
#1430=LINE('',#3435,#1640);
#1431=LINE('',#3437,#1641);
#1432=LINE('',#3439,#1642);
#1433=LINE('',#3440,#1643);
#1434=LINE('',#3442,#1644);
#1435=LINE('',#3444,#1645);
#1436=LINE('',#3445,#1646);
#1437=LINE('',#3448,#1647);
#1438=LINE('',#3449,#1648);
#1439=LINE('',#3451,#1649);
#1440=LINE('',#3453,#1650);
#1441=LINE('',#3455,#1651);
#1442=LINE('',#3457,#1652);
#1443=LINE('',#3458,#1653);
#1444=LINE('',#3461,#1654);
#1445=LINE('',#3462,#1655);
#1446=LINE('',#3464,#1656);
#1447=LINE('',#3466,#1657);
#1448=LINE('',#3469,#1658);
#1449=LINE('',#3471,#1659);
#1450=VECTOR('',#2276,1.);
#1451=VECTOR('',#2277,1.);
#1452=VECTOR('',#2278,1.);
#1453=VECTOR('',#2279,1.);
#1454=VECTOR('',#2282,1.);
#1455=VECTOR('',#2283,1.);
#1456=VECTOR('',#2284,1.);
#1457=VECTOR('',#2285,1.);
#1458=VECTOR('',#2286,1.);
#1459=VECTOR('',#2287,1.);
#1460=VECTOR('',#2288,1.);
#1461=VECTOR('',#2291,1.);
#1462=VECTOR('',#2292,1.);
#1463=VECTOR('',#2293,1.);
#1464=VECTOR('',#2294,1.);
#1465=VECTOR('',#2295,1.);
#1466=VECTOR('',#2296,1.);
#1467=VECTOR('',#2297,1.);
#1468=VECTOR('',#2300,1.);
#1469=VECTOR('',#2301,1.);
#1470=VECTOR('',#2304,1.);
#1471=VECTOR('',#2305,1.);
#1472=VECTOR('',#2306,1.);
#1473=VECTOR('',#2307,1.);
#1474=VECTOR('',#2310,1.);
#1475=VECTOR('',#2311,1.);
#1476=VECTOR('',#2312,1.);
#1477=VECTOR('',#2315,1.);
#1478=VECTOR('',#2316,1.);
#1479=VECTOR('',#2317,1.);
#1480=VECTOR('',#2320,1.);
#1481=VECTOR('',#2321,1.);
#1482=VECTOR('',#2322,1.);
#1483=VECTOR('',#2325,1.);
#1484=VECTOR('',#2326,1.);
#1485=VECTOR('',#2327,1.);
#1486=VECTOR('',#2330,1.);
#1487=VECTOR('',#2331,1.);
#1488=VECTOR('',#2334,1.);
#1489=VECTOR('',#2335,1.);
#1490=VECTOR('',#2338,1.);
#1491=VECTOR('',#2341,1.);
#1492=VECTOR('',#2354,1.);
#1493=VECTOR('',#2355,1.);
#1494=VECTOR('',#2356,1.);
#1495=VECTOR('',#2357,1.);
#1496=VECTOR('',#2358,1.);
#1497=VECTOR('',#2359,1.);
#1498=VECTOR('',#2360,1.);
#1499=VECTOR('',#2361,1.);
#1500=VECTOR('',#2366,1.);
#1501=VECTOR('',#2369,1.);
#1502=VECTOR('',#2372,1.);
#1503=VECTOR('',#2373,1.);
#1504=VECTOR('',#2374,1.);
#1505=VECTOR('',#2377,1.);
#1506=VECTOR('',#2384,1.);
#1507=VECTOR('',#2385,1.);
#1508=VECTOR('',#2386,1.);
#1509=VECTOR('',#2387,1.);
#1510=VECTOR('',#2390,1.);
#1511=VECTOR('',#2391,1.);
#1512=VECTOR('',#2396,1.);
#1513=VECTOR('',#2399,1.);
#1514=VECTOR('',#2402,1.);
#1515=VECTOR('',#2403,1.);
#1516=VECTOR('',#2404,1.);
#1517=VECTOR('',#2407,1.);
#1518=VECTOR('',#2408,1.);
#1519=VECTOR('',#2409,1.);
#1520=VECTOR('',#2410,1.);
#1521=VECTOR('',#2413,1.);
#1522=VECTOR('',#2420,1.);
#1523=VECTOR('',#2427,1.);
#1524=VECTOR('',#2428,1.);
#1525=VECTOR('',#2429,1.);
#1526=VECTOR('',#2430,1.);
#1527=VECTOR('',#2435,1.);
#1528=VECTOR('',#2440,1.);
#1529=VECTOR('',#2443,1.);
#1530=VECTOR('',#2444,1.);
#1531=VECTOR('',#2445,1.);
#1532=VECTOR('',#2450,1.);
#1533=VECTOR('',#2453,1.);
#1534=VECTOR('',#2458,1.);
#1535=VECTOR('',#2465,1.);
#1536=VECTOR('',#2470,1.);
#1537=VECTOR('',#2475,1.);
#1538=VECTOR('',#2478,1.);
#1539=VECTOR('',#2487,1.);
#1540=VECTOR('',#2492,1.);
#1541=VECTOR('',#2495,1.);
#1542=VECTOR('',#2496,1.);
#1543=VECTOR('',#2507,1.);
#1544=VECTOR('',#2518,1.);
#1545=VECTOR('',#2521,1.);
#1546=VECTOR('',#2524,1.);
#1547=VECTOR('',#2527,1.);
#1548=VECTOR('',#2534,1.);
#1549=VECTOR('',#2537,1.);
#1550=VECTOR('',#2542,1.);
#1551=VECTOR('',#2545,1.);
#1552=VECTOR('',#2546,1.);
#1553=VECTOR('',#2547,1.);
#1554=VECTOR('',#2554,1.);
#1555=VECTOR('',#2557,1.);
#1556=VECTOR('',#2558,1.);
#1557=VECTOR('',#2559,1.);
#1558=VECTOR('',#2562,1.);
#1559=VECTOR('',#2563,1.);
#1560=VECTOR('',#2564,1.);
#1561=VECTOR('',#2567,1.);
#1562=VECTOR('',#2568,1.);
#1563=VECTOR('',#2569,1.);
#1564=VECTOR('',#2576,1.);
#1565=VECTOR('',#2577,1.);
#1566=VECTOR('',#2578,1.);
#1567=VECTOR('',#2581,1.);
#1568=VECTOR('',#2582,1.);
#1569=VECTOR('',#2583,1.);
#1570=VECTOR('',#2586,1.);
#1571=VECTOR('',#2587,1.);
#1572=VECTOR('',#2590,1.);
#1573=VECTOR('',#2591,1.);
#1574=VECTOR('',#2606,1.);
#1575=VECTOR('',#2607,1.);
#1576=VECTOR('',#2610,1.);
#1577=VECTOR('',#2613,1.);
#1578=VECTOR('',#2614,1.);
#1579=VECTOR('',#2615,1.);
#1580=VECTOR('',#2618,1.);
#1581=VECTOR('',#2621,1.);
#1582=VECTOR('',#2622,1.);
#1583=VECTOR('',#2627,1.);
#1584=VECTOR('',#2630,1.);
#1585=VECTOR('',#2635,1.);
#1586=VECTOR('',#2638,1.);
#1587=VECTOR('',#2643,1.);
#1588=VECTOR('',#2644,1.);
#1589=VECTOR('',#2647,1.);
#1590=VECTOR('',#2650,1.);
#1591=VECTOR('',#2655,1.);
#1592=VECTOR('',#2658,1.);
#1593=VECTOR('',#2665,1.);
#1594=VECTOR('',#2666,1.);
#1595=VECTOR('',#2671,1.);
#1596=VECTOR('',#2674,1.);
#1597=VECTOR('',#2679,1.);
#1598=VECTOR('',#2680,1.);
#1599=VECTOR('',#2685,1.);
#1600=VECTOR('',#2688,1.);
#1601=VECTOR('',#2691,1.);
#1602=VECTOR('',#2696,1.);
#1603=VECTOR('',#2701,1.);
#1604=VECTOR('',#2702,1.);
#1605=VECTOR('',#2705,1.);
#1606=VECTOR('',#2708,1.);
#1607=VECTOR('',#2713,1.);
#1608=VECTOR('',#2716,1.);
#1609=VECTOR('',#2719,1.);
#1610=VECTOR('',#2722,1.);
#1611=VECTOR('',#2725,1.);
#1612=VECTOR('',#2732,1.);
#1613=VECTOR('',#2737,1.);
#1614=VECTOR('',#2740,1.);
#1615=VECTOR('',#2747,1.);
#1616=VECTOR('',#2752,1.);
#1617=VECTOR('',#2755,1.);
#1618=VECTOR('',#2756,1.);
#1619=VECTOR('',#2757,1.);
#1620=VECTOR('',#2758,1.);
#1621=VECTOR('',#2761,1.);
#1622=VECTOR('',#2762,1.);
#1623=VECTOR('',#2767,1.);
#1624=VECTOR('',#2768,1.);
#1625=VECTOR('',#2769,1.);
#1626=VECTOR('',#2770,1.);
#1627=VECTOR('',#2775,1.);
#1628=VECTOR('',#2778,1.);
#1629=VECTOR('',#2783,1.);
#1630=VECTOR('',#2786,1.);
#1631=VECTOR('',#2789,1.);
#1632=VECTOR('',#2790,1.);
#1633=VECTOR('',#2793,1.);
#1634=VECTOR('',#2798,1.);
#1635=VECTOR('',#2805,1.);
#1636=VECTOR('',#2806,1.);
#1637=VECTOR('',#2809,1.);
#1638=VECTOR('',#2810,1.);
#1639=VECTOR('',#2815,1.);
#1640=VECTOR('',#2816,1.);
#1641=VECTOR('',#2817,1.);
#1642=VECTOR('',#2818,1.);
#1643=VECTOR('',#2819,1.);
#1644=VECTOR('',#2822,1.);
#1645=VECTOR('',#2825,1.);
#1646=VECTOR('',#2826,1.);
#1647=VECTOR('',#2831,1.);
#1648=VECTOR('',#2832,1.);
#1649=VECTOR('',#2835,1.);
#1650=VECTOR('',#2838,1.);
#1651=VECTOR('',#2841,1.);
#1652=VECTOR('',#2844,1.);
#1653=VECTOR('',#2845,1.);
#1654=VECTOR('',#2850,1.);
#1655=VECTOR('',#2851,1.);
#1656=VECTOR('',#2854,1.);
#1657=VECTOR('',#2857,1.);
#1658=VECTOR('',#2862,1.);
#1659=VECTOR('',#2865,1.);
#1660=EDGE_LOOP('',(#166,#167,#168,#169));
#1661=EDGE_LOOP('',(#170,#171,#172,#173));
#1662=EDGE_LOOP('',(#174,#175,#176,#177));
#1663=EDGE_LOOP('',(#178,#179,#180,#181));
#1664=EDGE_LOOP('',(#182,#183,#184,#185));
#1665=EDGE_LOOP('',(#186,#187,#188,#189));
#1666=EDGE_LOOP('',(#190,#191,#192,#193));
#1667=EDGE_LOOP('',(#194,#195,#196,#197));
#1668=EDGE_LOOP('',(#198,#199,#200,#201));
#1669=EDGE_LOOP('',(#202,#203,#204,#205));
#1670=EDGE_LOOP('',(#206,#207,#208,#209));
#1671=EDGE_LOOP('',(#210,#211,#212,#213));
#1672=EDGE_LOOP('',(#214,#215,#216,#217,#218,#219,#220,#221,#222,#223));
#1673=EDGE_LOOP('',(#224,#225,#226,#227));
#1674=EDGE_LOOP('',(#228,#229,#230,#231,#232,#233,#234,#235,#236,#237));
#1675=EDGE_LOOP('',(#238,#239,#240,#241));
#1676=EDGE_LOOP('',(#242,#243,#244,#245));
#1677=EDGE_LOOP('',(#246,#247,#248,#249));
#1678=EDGE_LOOP('',(#250,#251,#252,#253,#254,#255,#256,#257));
#1679=EDGE_LOOP('',(#258,#259,#260,#261));
#1680=EDGE_LOOP('',(#262,#263,#264,#265));
#1681=EDGE_LOOP('',(#266,#267,#268,#269));
#1682=EDGE_LOOP('',(#270,#271,#272,#273));
#1683=EDGE_LOOP('',(#274,#275,#276,#277,#278,#279,#280,#281));
#1684=EDGE_LOOP('',(#282,#283,#284,#285,#286,#287));
#1685=EDGE_LOOP('',(#288,#289,#290,#291));
#1686=EDGE_LOOP('',(#292,#293,#294,#295));
#1687=EDGE_LOOP('',(#296,#297,#298,#299));
#1688=EDGE_LOOP('',(#300,#301,#302,#303));
#1689=EDGE_LOOP('',(#304,#305,#306,#307));
#1690=EDGE_LOOP('',(#308,#309,#310,#311,#312,#313));
#1691=EDGE_LOOP('',(#314,#315,#316,#317));
#1692=EDGE_LOOP('',(#318,#319,#320,#321,#322));
#1693=EDGE_LOOP('',(#323,#324,#325,#326));
#1694=EDGE_LOOP('',(#327,#328,#329,#330,#331,#332));
#1695=EDGE_LOOP('',(#333,#334,#335,#336,#337,#338));
#1696=EDGE_LOOP('',(#339,#340,#341,#342,#343,#344));
#1697=EDGE_LOOP('',(#345,#346,#347,#348,#349,#350));
#1698=EDGE_LOOP('',(#351,#352,#353,#354,#355));
#1699=EDGE_LOOP('',(#356,#357,#358,#359));
#1700=EDGE_LOOP('',(#360,#361,#362,#363,#364));
#1701=EDGE_LOOP('',(#365,#366,#367,#368,#369,#370,#371));
#1702=EDGE_LOOP('',(#372,#373,#374,#375,#376));
#1703=EDGE_LOOP('',(#377,#378,#379,#380));
#1704=EDGE_LOOP('',(#381,#382,#383,#384,#385,#386,#387,#388,#389,#390,#391,
#392,#393,#394));
#1705=EDGE_LOOP('',(#395,#396,#397,#398,#399));
#1706=EDGE_LOOP('',(#400,#401,#402,#403));
#1707=EDGE_LOOP('',(#404,#405,#406,#407,#408,#409,#410));
#1708=EDGE_LOOP('',(#411,#412,#413,#414,#415));
#1709=EDGE_LOOP('',(#416,#417,#418,#419,#420,#421));
#1710=EDGE_LOOP('',(#422,#423,#424,#425,#426));
#1711=EDGE_LOOP('',(#427,#428,#429,#430,#431));
#1712=EDGE_LOOP('',(#432,#433,#434,#435,#436,#437,#438,#439));
#1713=EDGE_LOOP('',(#440,#441,#442,#443,#444));
#1714=EDGE_LOOP('',(#445,#446,#447,#448,#449,#450,#451,#452));
#1715=EDGE_LOOP('',(#453,#454,#455,#456,#457));
#1716=EDGE_LOOP('',(#458,#459,#460,#461,#462,#463,#464,#465));
#1717=EDGE_LOOP('',(#466,#467,#468,#469,#470));
#1718=EDGE_LOOP('',(#471,#472,#473,#474));
#1719=EDGE_LOOP('',(#475,#476,#477,#478));
#1720=EDGE_LOOP('',(#479,#480,#481,#482,#483));
#1721=EDGE_LOOP('',(#484,#485,#486,#487,#488,#489,#490,#491,#492,#493,#494,
#495,#496,#497,#498,#499,#500,#501,#502,#503,#504,#505,#506,#507));
#1722=EDGE_LOOP('',(#508,#509,#510,#511));
#1723=EDGE_LOOP('',(#512,#513,#514,#515,#516,#517));
#1724=EDGE_LOOP('',(#518,#519,#520,#521));
#1725=EDGE_LOOP('',(#522,#523,#524,#525));
#1726=EDGE_LOOP('',(#526,#527,#528,#529,#530,#531));
#1727=EDGE_LOOP('',(#532,#533,#534,#535));
#1728=EDGE_LOOP('',(#536,#537,#538,#539,#540));
#1729=EDGE_LOOP('',(#541,#542,#543,#544));
#1730=EDGE_LOOP('',(#545,#546,#547,#548,#549));
#1731=EDGE_LOOP('',(#550,#551,#552,#553,#554));
#1732=EDGE_LOOP('',(#555,#556,#557,#558));
#1733=EDGE_LOOP('',(#559,#560,#561,#562,#563));
#1734=EDGE_LOOP('',(#564,#565,#566,#567,#568,#569,#570,#571));
#1735=EDGE_LOOP('',(#572,#573,#574,#575,#576,#577,#578,#579));
#1736=EDGE_LOOP('',(#580,#581,#582,#583,#584,#585));
#1737=EDGE_LOOP('',(#586,#587,#588,#589));
#1738=EDGE_LOOP('',(#590,#591,#592,#593));
#1739=EDGE_LOOP('',(#594,#595,#596,#597,#598,#599));
#1740=EDGE_LOOP('',(#600,#601,#602,#603,#604,#605,#606,#607));
#1741=EDGE_LOOP('',(#608,#609,#610,#611,#612,#613));
#1742=EDGE_LOOP('',(#614,#615,#616,#617));
#1743=EDGE_LOOP('',(#618,#619,#620,#621,#622,#623,#624,#625));
#1744=EDGE_LOOP('',(#626,#627,#628,#629));
#1745=EDGE_LOOP('',(#630,#631,#632,#633,#634));
#1746=EDGE_LOOP('',(#635,#636,#637,#638,#639));
#1747=EDGE_LOOP('',(#640,#641,#642,#643));
#1748=EDGE_LOOP('',(#644,#645,#646,#647));
#1749=EDGE_LOOP('',(#648,#649,#650,#651));
#1750=EDGE_LOOP('',(#652,#653,#654,#655));
#1751=EDGE_LOOP('',(#656,#657,#658,#659,#660,#661,#662,#663));
#1752=EDGE_LOOP('',(#664,#665,#666,#667,#668));
#1753=EDGE_LOOP('',(#669,#670,#671,#672,#673,#674));
#1754=EDGE_LOOP('',(#675,#676,#677,#678,#679));
#1755=EDGE_LOOP('',(#680,#681,#682,#683,#684,#685,#686));
#1756=EDGE_LOOP('',(#687,#688,#689,#690,#691));
#1757=EDGE_LOOP('',(#692,#693,#694,#695));
#1758=EDGE_LOOP('',(#696,#697,#698,#699,#700));
#1759=EDGE_LOOP('',(#701,#702,#703,#704,#705,#706));
#1760=EDGE_LOOP('',(#707,#708,#709,#710,#711));
#1761=EDGE_LOOP('',(#712,#713,#714,#715,#716,#717,#718));
#1762=EDGE_LOOP('',(#719,#720,#721,#722,#723));
#1763=EDGE_LOOP('',(#724,#725,#726,#727));
#1764=EDGE_LOOP('',(#728,#729,#730,#731,#732,#733,#734,#735,#736,#737,#738,
#739,#740,#741));
#1765=EDGE_LOOP('',(#742,#743,#744,#745));
#1766=EDGE_LOOP('',(#746,#747,#748,#749));
#1767=EDGE_LOOP('',(#750,#751,#752,#753));
#1768=FACE_BOUND('',#1660,.T.);
#1769=FACE_BOUND('',#1661,.T.);
#1770=FACE_BOUND('',#1662,.T.);
#1771=FACE_BOUND('',#1663,.T.);
#1772=FACE_BOUND('',#1664,.T.);
#1773=FACE_BOUND('',#1665,.T.);
#1774=FACE_BOUND('',#1666,.T.);
#1775=FACE_BOUND('',#1667,.T.);
#1776=FACE_BOUND('',#1668,.T.);
#1777=FACE_BOUND('',#1669,.T.);
#1778=FACE_BOUND('',#1670,.T.);
#1779=FACE_BOUND('',#1671,.T.);
#1780=FACE_BOUND('',#1672,.T.);
#1781=FACE_BOUND('',#1673,.T.);
#1782=FACE_BOUND('',#1674,.T.);
#1783=FACE_BOUND('',#1675,.T.);
#1784=FACE_BOUND('',#1676,.T.);
#1785=FACE_BOUND('',#1677,.T.);
#1786=FACE_BOUND('',#1678,.T.);
#1787=FACE_BOUND('',#1679,.T.);
#1788=FACE_BOUND('',#1680,.T.);
#1789=FACE_BOUND('',#1681,.T.);
#1790=FACE_BOUND('',#1682,.T.);
#1791=FACE_BOUND('',#1683,.T.);
#1792=FACE_BOUND('',#1684,.T.);
#1793=FACE_BOUND('',#1685,.T.);
#1794=FACE_BOUND('',#1686,.T.);
#1795=FACE_BOUND('',#1687,.T.);
#1796=FACE_BOUND('',#1688,.T.);
#1797=FACE_BOUND('',#1689,.T.);
#1798=FACE_BOUND('',#1690,.T.);
#1799=FACE_BOUND('',#1691,.T.);
#1800=FACE_BOUND('',#1692,.T.);
#1801=FACE_BOUND('',#1693,.T.);
#1802=FACE_BOUND('',#1694,.T.);
#1803=FACE_BOUND('',#1695,.T.);
#1804=FACE_BOUND('',#1696,.T.);
#1805=FACE_BOUND('',#1697,.T.);
#1806=FACE_BOUND('',#1698,.T.);
#1807=FACE_BOUND('',#1699,.T.);
#1808=FACE_BOUND('',#1700,.T.);
#1809=FACE_BOUND('',#1701,.T.);
#1810=FACE_BOUND('',#1702,.T.);
#1811=FACE_BOUND('',#1703,.T.);
#1812=FACE_BOUND('',#1704,.T.);
#1813=FACE_BOUND('',#1705,.T.);
#1814=FACE_BOUND('',#1706,.T.);
#1815=FACE_BOUND('',#1707,.T.);
#1816=FACE_BOUND('',#1708,.T.);
#1817=FACE_BOUND('',#1709,.T.);
#1818=FACE_BOUND('',#1710,.T.);
#1819=FACE_BOUND('',#1711,.T.);
#1820=FACE_BOUND('',#1712,.T.);
#1821=FACE_BOUND('',#1713,.T.);
#1822=FACE_BOUND('',#1714,.T.);
#1823=FACE_BOUND('',#1715,.T.);
#1824=FACE_BOUND('',#1716,.T.);
#1825=FACE_BOUND('',#1717,.T.);
#1826=FACE_BOUND('',#1718,.T.);
#1827=FACE_BOUND('',#1719,.T.);
#1828=FACE_BOUND('',#1720,.T.);
#1829=FACE_BOUND('',#1721,.T.);
#1830=FACE_BOUND('',#1722,.T.);
#1831=FACE_BOUND('',#1723,.T.);
#1832=FACE_BOUND('',#1724,.T.);
#1833=FACE_BOUND('',#1725,.T.);
#1834=FACE_BOUND('',#1726,.T.);
#1835=FACE_BOUND('',#1727,.T.);
#1836=FACE_BOUND('',#1728,.T.);
#1837=FACE_BOUND('',#1729,.T.);
#1838=FACE_BOUND('',#1730,.T.);
#1839=FACE_BOUND('',#1731,.T.);
#1840=FACE_BOUND('',#1732,.T.);
#1841=FACE_BOUND('',#1733,.T.);
#1842=FACE_BOUND('',#1734,.T.);
#1843=FACE_BOUND('',#1735,.T.);
#1844=FACE_BOUND('',#1736,.T.);
#1845=FACE_BOUND('',#1737,.T.);
#1846=FACE_BOUND('',#1738,.T.);
#1847=FACE_BOUND('',#1739,.T.);
#1848=FACE_BOUND('',#1740,.T.);
#1849=FACE_BOUND('',#1741,.T.);
#1850=FACE_BOUND('',#1742,.T.);
#1851=FACE_BOUND('',#1743,.T.);
#1852=FACE_BOUND('',#1744,.T.);
#1853=FACE_BOUND('',#1745,.T.);
#1854=FACE_BOUND('',#1746,.T.);
#1855=FACE_BOUND('',#1747,.T.);
#1856=FACE_BOUND('',#1748,.T.);
#1857=FACE_BOUND('',#1749,.T.);
#1858=FACE_BOUND('',#1750,.T.);
#1859=FACE_BOUND('',#1751,.T.);
#1860=FACE_BOUND('',#1752,.T.);
#1861=FACE_BOUND('',#1753,.T.);
#1862=FACE_BOUND('',#1754,.T.);
#1863=FACE_BOUND('',#1755,.T.);
#1864=FACE_BOUND('',#1756,.T.);
#1865=FACE_BOUND('',#1757,.T.);
#1866=FACE_BOUND('',#1758,.T.);
#1867=FACE_BOUND('',#1759,.T.);
#1868=FACE_BOUND('',#1760,.T.);
#1869=FACE_BOUND('',#1761,.T.);
#1870=FACE_BOUND('',#1762,.T.);
#1871=FACE_BOUND('',#1763,.T.);
#1872=FACE_BOUND('',#1764,.T.);
#1873=FACE_BOUND('',#1765,.T.);
#1874=FACE_BOUND('',#1766,.T.);
#1875=FACE_BOUND('',#1767,.T.);
#1876=PLANE('',#2075);
#1877=PLANE('',#2076);
#1878=PLANE('',#2077);
#1879=PLANE('',#2078);
#1880=PLANE('',#2079);
#1881=PLANE('',#2080);
#1882=PLANE('',#2081);
#1883=PLANE('',#2082);
#1884=PLANE('',#2083);
#1885=PLANE('',#2084);
#1886=PLANE('',#2085);
#1887=PLANE('',#2086);
#1888=PLANE('',#2087);
#1889=PLANE('',#2088);
#1890=PLANE('',#2089);
#1891=PLANE('',#2090);
#1892=PLANE('',#2093);
#1893=PLANE('',#2097);
#1894=PLANE('',#2101);
#1895=PLANE('',#2102);
#1896=PLANE('',#2105);
#1897=PLANE('',#2107);
#1898=PLANE('',#2111);
#1899=PLANE('',#2114);
#1900=PLANE('',#2118);
#1901=PLANE('',#2135);
#1902=PLANE('',#2139);
#1903=PLANE('',#2140);
#1904=PLANE('',#2144);
#1905=PLANE('',#2150);
#1906=PLANE('',#2157);
#1907=PLANE('',#2159);
#1908=PLANE('',#2163);
#1909=PLANE('',#2164);
#1910=PLANE('',#2165);
#1911=PLANE('',#2168);
#1912=PLANE('',#2169);
#1913=PLANE('',#2170);
#1914=PLANE('',#2171);
#1915=PLANE('',#2178);
#1916=PLANE('',#2215);
#1917=PLANE('',#2216);
#1918=PLANE('',#2231);
#1919=PLANE('',#2232);
#1920=PLANE('',#2233);
#1921=PLANE('',#2234);
#1922=PLANE('',#2247);
#1923=PLANE('',#2248);
#1924=PLANE('',#2249);
#1925=PLANE('',#2250);
#1926=PLANE('',#2251);
#1927=PLANE('',#2252);
#1928=PLANE('',#2253);
#1929=PLANE('',#2254);
#1930=PLANE('',#2255);
#1931=PLANE('',#2256);
#1932=PLANE('',#2257);
#1933=PLANE('',#2258);
#1934=PLANE('',#2259);
#1935=PLANE('',#2260);
#1936=PLANE('',#2261);
#1937=PLANE('',#2262);
#1938=PLANE('',#2263);
#1939=PLANE('',#2264);
#1940=PLANE('',#2265);
#1941=PLANE('',#2266);
#1942=ADVANCED_FACE('',(#1768),#1876,.T.);
#1943=ADVANCED_FACE('',(#1769,#1770),#1877,.T.);
#1944=ADVANCED_FACE('',(#1771,#1772),#1878,.F.);
#1945=ADVANCED_FACE('',(#1773),#1879,.F.);
#1946=ADVANCED_FACE('',(#1774),#1880,.T.);
#1947=ADVANCED_FACE('',(#1775),#1881,.F.);
#1948=ADVANCED_FACE('',(#1776),#1882,.F.);
#1949=ADVANCED_FACE('',(#1777),#1883,.T.);
#1950=ADVANCED_FACE('',(#1778),#1884,.T.);
#1951=ADVANCED_FACE('',(#1779),#1885,.F.);
#1952=ADVANCED_FACE('',(#1780),#1886,.F.);
#1953=ADVANCED_FACE('',(#1781),#1887,.F.);
#1954=ADVANCED_FACE('',(#1782),#1888,.T.);
#1955=ADVANCED_FACE('',(#1783),#1889,.T.);
#1956=ADVANCED_FACE('',(#1784),#1890,.F.);
#1957=ADVANCED_FACE('',(#1785),#1891,.T.);
#1958=ADVANCED_FACE('',(#1786),#1892,.F.);
#1959=ADVANCED_FACE('',(#1787),#94,.F.);
#1960=ADVANCED_FACE('',(#1788),#1893,.F.);
#1961=ADVANCED_FACE('',(#1789),#95,.F.);
#1962=ADVANCED_FACE('',(#1790),#1894,.T.);
#1963=ADVANCED_FACE('',(#1791),#1895,.F.);
#1964=ADVANCED_FACE('',(#1792),#1896,.T.);
#1965=ADVANCED_FACE('',(#1793),#1897,.F.);
#1966=ADVANCED_FACE('',(#1794),#96,.T.);
#1967=ADVANCED_FACE('',(#1795),#1898,.T.);
#1968=ADVANCED_FACE('',(#1796),#1899,.F.);
#1969=ADVANCED_FACE('',(#1797),#97,.T.);
#1970=ADVANCED_FACE('',(#1798),#1900,.T.);
#1971=ADVANCED_FACE('',(#1799),#98,.T.);
#1972=ADVANCED_FACE('',(#1800),#99,.T.);
#1973=ADVANCED_FACE('',(#1801),#100,.T.);
#1974=ADVANCED_FACE('',(#1802),#101,.T.);
#1975=ADVANCED_FACE('',(#1803),#102,.F.);
#1976=ADVANCED_FACE('',(#1804),#1901,.T.);
#1977=ADVANCED_FACE('',(#1805),#103,.F.);
#1978=ADVANCED_FACE('',(#1806),#1902,.T.);
#1979=ADVANCED_FACE('',(#1807),#1903,.F.);
#1980=ADVANCED_FACE('',(#1808),#104,.T.);
#1981=ADVANCED_FACE('',(#1809),#1904,.F.);
#1982=ADVANCED_FACE('',(#1810),#105,.T.);
#1983=ADVANCED_FACE('',(#1811),#106,.T.);
#1984=ADVANCED_FACE('',(#1812),#1905,.F.);
#1985=ADVANCED_FACE('',(#1813),#107,.T.);
#1986=ADVANCED_FACE('',(#1814),#108,.T.);
#1987=ADVANCED_FACE('',(#1815),#1906,.F.);
#1988=ADVANCED_FACE('',(#1816),#1907,.T.);
#1989=ADVANCED_FACE('',(#1817),#109,.T.);
#1990=ADVANCED_FACE('',(#1818),#1908,.T.);
#1991=ADVANCED_FACE('',(#1819),#1909,.T.);
#1992=ADVANCED_FACE('',(#1820),#1910,.T.);
#1993=ADVANCED_FACE('',(#1821),#110,.T.);
#1994=ADVANCED_FACE('',(#1822),#1911,.T.);
#1995=ADVANCED_FACE('',(#1823),#1912,.F.);
#1996=ADVANCED_FACE('',(#1824),#1913,.T.);
#1997=ADVANCED_FACE('',(#1825),#1914,.F.);
#1998=ADVANCED_FACE('',(#1826),#111,.T.);
#1999=ADVANCED_FACE('',(#1827),#112,.T.);
#2000=ADVANCED_FACE('',(#1828),#113,.T.);
#2001=ADVANCED_FACE('',(#1829),#1915,.T.);
#2002=ADVANCED_FACE('',(#1830),#114,.T.);
#2003=ADVANCED_FACE('',(#1831),#115,.T.);
#2004=ADVANCED_FACE('',(#1832),#116,.T.);
#2005=ADVANCED_FACE('',(#1833),#117,.T.);
#2006=ADVANCED_FACE('',(#1834),#118,.T.);
#2007=ADVANCED_FACE('',(#1835),#119,.T.);
#2008=ADVANCED_FACE('',(#1836),#120,.T.);
#2009=ADVANCED_FACE('',(#1837),#121,.T.);
#2010=ADVANCED_FACE('',(#1838),#122,.T.);
#2011=ADVANCED_FACE('',(#1839),#123,.T.);
#2012=ADVANCED_FACE('',(#1840),#124,.T.);
#2013=ADVANCED_FACE('',(#1841),#125,.T.);
#2014=ADVANCED_FACE('',(#1842),#1916,.T.);
#2015=ADVANCED_FACE('',(#1843),#1917,.T.);
#2016=ADVANCED_FACE('',(#1844),#126,.F.);
#2017=ADVANCED_FACE('',(#1845),#127,.F.);
#2018=ADVANCED_FACE('',(#1846),#128,.F.);
#2019=ADVANCED_FACE('',(#1847),#129,.F.);
#2020=ADVANCED_FACE('',(#1848),#1918,.F.);
#2021=ADVANCED_FACE('',(#1849),#1919,.T.);
#2022=ADVANCED_FACE('',(#1850),#1920,.F.);
#2023=ADVANCED_FACE('',(#1851),#1921,.T.);
#2024=ADVANCED_FACE('',(#1852),#130,.T.);
#2025=ADVANCED_FACE('',(#1853),#131,.T.);
#2026=ADVANCED_FACE('',(#1854),#132,.T.);
#2027=ADVANCED_FACE('',(#1855),#133,.T.);
#2028=ADVANCED_FACE('',(#1856),#1922,.T.);
#2029=ADVANCED_FACE('',(#1857),#1923,.F.);
#2030=ADVANCED_FACE('',(#1858),#1924,.T.);
#2031=ADVANCED_FACE('',(#1859),#1925,.F.);
#2032=ADVANCED_FACE('',(#1860),#1926,.F.);
#2033=ADVANCED_FACE('',(#1861),#1927,.T.);
#2034=ADVANCED_FACE('',(#1862),#1928,.T.);
#2035=ADVANCED_FACE('',(#1863),#1929,.F.);
#2036=ADVANCED_FACE('',(#1864),#1930,.T.);
#2037=ADVANCED_FACE('',(#1865),#1931,.F.);
#2038=ADVANCED_FACE('',(#1866),#1932,.F.);
#2039=ADVANCED_FACE('',(#1867),#1933,.T.);
#2040=ADVANCED_FACE('',(#1868),#1934,.T.);
#2041=ADVANCED_FACE('',(#1869),#1935,.F.);
#2042=ADVANCED_FACE('',(#1870),#1936,.T.);
#2043=ADVANCED_FACE('',(#1871),#1937,.F.);
#2044=ADVANCED_FACE('',(#1872),#1938,.F.);
#2045=ADVANCED_FACE('',(#1873),#1939,.F.);
#2046=ADVANCED_FACE('',(#1874),#1940,.T.);
#2047=ADVANCED_FACE('',(#1875),#1941,.F.);
#2048=CLOSED_SHELL('',(#1942,#1943,#1944,#1945,#1946,#1947,#1948,#1949,
#1950,#1951,#1952,#1953,#1954,#1955,#1956,#1957));
#2049=CLOSED_SHELL('',(#1958,#1959,#1960,#1961,#1962,#1963,#1964,#1965,
#1966,#1967,#1968,#1969,#1970,#1971,#1972,#1973,#1974,#1975,#1976,#1977,
#1978,#1979,#1980,#1981,#1982,#1983,#1984,#1985,#1986,#1987,#1988,#1989,
#1990,#1991,#1992,#1993,#1994,#1995,#1996,#1997,#1998,#1999,#2000,#2001,
#2002,#2003,#2004,#2005,#2006,#2007,#2008,#2009,#2010,#2011,#2012,#2013,
#2014,#2015,#2016,#2017,#2018,#2019,#2020,#2021,#2022,#2023,#2024,#2025,
#2026,#2027,#2028,#2029,#2030,#2031,#2032,#2033,#2034,#2035,#2036,#2037,
#2038,#2039,#2040,#2041,#2042,#2043,#2044,#2045,#2046,#2047));
#2050=STYLED_ITEM('',(#2052),#2066);
#2051=STYLED_ITEM('',(#2053),#2067);
#2052=PRESENTATION_STYLE_ASSIGNMENT((#2054));
#2053=PRESENTATION_STYLE_ASSIGNMENT((#2055));
#2054=SURFACE_STYLE_USAGE(.BOTH.,#2056);
#2055=SURFACE_STYLE_USAGE(.BOTH.,#2057);
#2056=SURFACE_SIDE_STYLE('',(#2058));
#2057=SURFACE_SIDE_STYLE('',(#2059));
#2058=SURFACE_STYLE_FILL_AREA(#2060);
#2059=SURFACE_STYLE_FILL_AREA(#2061);
#2060=FILL_AREA_STYLE('',(#2062));
#2061=FILL_AREA_STYLE('',(#2063));
#2062=FILL_AREA_STYLE_COLOUR('',#2064);
#2063=FILL_AREA_STYLE_COLOUR('',#2065);
#2064=COLOUR_RGB('',0.0980392156862745,0.0980392156862745,0.0980392156862745);
#2065=COLOUR_RGB('',0.494117647058824,0.494117647058824,0.525490196078431);
#2066=MANIFOLD_SOLID_BREP('Group001',#2048);
#2067=MANIFOLD_SOLID_BREP('openGrid Minimal Hook',#2049);
#2068=SHAPE_DEFINITION_REPRESENTATION(#3488,#2071);
#2069=SHAPE_DEFINITION_REPRESENTATION(#3489,#2072);
#2070=SHAPE_DEFINITION_REPRESENTATION(#3492,#2073);
#2071=SHAPE_REPRESENTATION('Assembly 1',(#2074,#2091,#2092,#2267,#2268,
#2269,#2270,#2271),#3479);
#2072=SHAPE_REPRESENTATION('Group001',(#2074),#3480);
#2073=SHAPE_REPRESENTATION('openGrid Minimal Hook',(#2074),#3481);
#2074=AXIS2_PLACEMENT_3D('',#2878,#2272,#2273);
#2075=AXIS2_PLACEMENT_3D('',#2879,#2274,#2275);
#2076=AXIS2_PLACEMENT_3D('',#2888,#2280,#2281);
#2077=AXIS2_PLACEMENT_3D('',#2902,#2289,#2290);
#2078=AXIS2_PLACEMENT_3D('',#2916,#2298,#2299);
#2079=AXIS2_PLACEMENT_3D('',#2919,#2302,#2303);
#2080=AXIS2_PLACEMENT_3D('',#2928,#2308,#2309);
#2081=AXIS2_PLACEMENT_3D('',#2934,#2313,#2314);
#2082=AXIS2_PLACEMENT_3D('',#2940,#2318,#2319);
#2083=AXIS2_PLACEMENT_3D('',#2946,#2323,#2324);
#2084=AXIS2_PLACEMENT_3D('',#2952,#2328,#2329);
#2085=AXIS2_PLACEMENT_3D('',#2955,#2332,#2333);
#2086=AXIS2_PLACEMENT_3D('',#2958,#2336,#2337);
#2087=AXIS2_PLACEMENT_3D('',#2960,#2339,#2340);
#2088=AXIS2_PLACEMENT_3D('',#2962,#2342,#2343);
#2089=AXIS2_PLACEMENT_3D('',#2963,#2344,#2345);
#2090=AXIS2_PLACEMENT_3D('',#2964,#2346,#2347);
#2091=AXIS2_PLACEMENT_3D('',#2965,#2348,#2349);
#2092=AXIS2_PLACEMENT_3D('',#2966,#2350,#2351);
#2093=AXIS2_PLACEMENT_3D('',#2967,#2352,#2353);
#2094=AXIS2_PLACEMENT_3D('',#2984,#2362,#2363);
#2095=AXIS2_PLACEMENT_3D('',#2985,#2364,#2365);
#2096=AXIS2_PLACEMENT_3D('',#2990,#2367,#2368);
#2097=AXIS2_PLACEMENT_3D('',#2993,#2370,#2371);
#2098=AXIS2_PLACEMENT_3D('',#2999,#2375,#2376);
#2099=AXIS2_PLACEMENT_3D('',#3003,#2378,#2379);
#2100=AXIS2_PLACEMENT_3D('',#3004,#2380,#2381);
#2101=AXIS2_PLACEMENT_3D('',#3005,#2382,#2383);
#2102=AXIS2_PLACEMENT_3D('',#3014,#2388,#2389);
#2103=AXIS2_PLACEMENT_3D('',#3020,#2392,#2393);
#2104=AXIS2_PLACEMENT_3D('',#3021,#2394,#2395);
#2105=AXIS2_PLACEMENT_3D('',#3024,#2397,#2398);
#2106=AXIS2_PLACEMENT_3D('',#3028,#2400,#2401);
#2107=AXIS2_PLACEMENT_3D('',#3034,#2405,#2406);
#2108=AXIS2_PLACEMENT_3D('',#3043,#2411,#2412);
#2109=AXIS2_PLACEMENT_3D('',#3046,#2414,#2415);
#2110=AXIS2_PLACEMENT_3D('',#3047,#2416,#2417);
#2111=AXIS2_PLACEMENT_3D('',#3048,#2418,#2419);
#2112=AXIS2_PLACEMENT_3D('',#3051,#2421,#2422);
#2113=AXIS2_PLACEMENT_3D('',#3052,#2423,#2424);
#2114=AXIS2_PLACEMENT_3D('',#3053,#2425,#2426);
#2115=AXIS2_PLACEMENT_3D('',#3062,#2431,#2432);
#2116=AXIS2_PLACEMENT_3D('',#3063,#2433,#2434);
#2117=AXIS2_PLACEMENT_3D('',#3065,#2436,#2437);
#2118=AXIS2_PLACEMENT_3D('',#3066,#2438,#2439);
#2119=AXIS2_PLACEMENT_3D('',#3070,#2441,#2442);
#2120=AXIS2_PLACEMENT_3D('',#3076,#2446,#2447);
#2121=AXIS2_PLACEMENT_3D('',#3077,#2448,#2449);
#2122=AXIS2_PLACEMENT_3D('',#3082,#2451,#2452);
#2123=AXIS2_PLACEMENT_3D('',#3085,#2454,#2455);
#2124=AXIS2_PLACEMENT_3D('',#3086,#2456,#2457);
#2125=AXIS2_PLACEMENT_3D('',#3089,#2459,#2460);
#2126=AXIS2_PLACEMENT_3D('',#3090,#2461,#2462);
#2127=AXIS2_PLACEMENT_3D('',#3091,#2463,#2464);
#2128=AXIS2_PLACEMENT_3D('',#3095,#2466,#2467);
#2129=AXIS2_PLACEMENT_3D('',#3096,#2468,#2469);
#2130=AXIS2_PLACEMENT_3D('',#3099,#2471,#2472);
#2131=AXIS2_PLACEMENT_3D('',#3101,#2473,#2474);
#2132=AXIS2_PLACEMENT_3D('',#3104,#2476,#2477);
#2133=AXIS2_PLACEMENT_3D('',#3108,#2479,#2480);
#2134=AXIS2_PLACEMENT_3D('',#3109,#2481,#2482);
#2135=AXIS2_PLACEMENT_3D('',#3110,#2483,#2484);
#2136=AXIS2_PLACEMENT_3D('',#3111,#2485,#2486);
#2137=AXIS2_PLACEMENT_3D('',#3114,#2488,#2489);
#2138=AXIS2_PLACEMENT_3D('',#3115,#2490,#2491);
#2139=AXIS2_PLACEMENT_3D('',#3118,#2493,#2494);
#2140=AXIS2_PLACEMENT_3D('',#3122,#2497,#2498);
#2141=AXIS2_PLACEMENT_3D('',#3123,#2499,#2500);
#2142=AXIS2_PLACEMENT_3D('',#3124,#2501,#2502);
#2143=AXIS2_PLACEMENT_3D('',#3125,#2503,#2504);
#2144=AXIS2_PLACEMENT_3D('',#3126,#2505,#2506);
#2145=AXIS2_PLACEMENT_3D('',#3129,#2508,#2509);
#2146=AXIS2_PLACEMENT_3D('',#3130,#2510,#2511);
#2147=AXIS2_PLACEMENT_3D('',#3131,#2512,#2513);
#2148=AXIS2_PLACEMENT_3D('',#3132,#2514,#2515);
#2149=AXIS2_PLACEMENT_3D('',#3134,#2516,#2517);
#2150=AXIS2_PLACEMENT_3D('',#3137,#2519,#2520);
#2151=AXIS2_PLACEMENT_3D('',#3140,#2522,#2523);
#2152=AXIS2_PLACEMENT_3D('',#3142,#2525,#2526);
#2153=AXIS2_PLACEMENT_3D('',#3145,#2528,#2529);
#2154=AXIS2_PLACEMENT_3D('',#3147,#2530,#2531);
#2155=AXIS2_PLACEMENT_3D('',#3148,#2532,#2533);
#2156=AXIS2_PLACEMENT_3D('',#3151,#2535,#2536);
#2157=AXIS2_PLACEMENT_3D('',#3154,#2538,#2539);
#2158=AXIS2_PLACEMENT_3D('',#3155,#2540,#2541);
#2159=AXIS2_PLACEMENT_3D('',#3158,#2543,#2544);
#2160=AXIS2_PLACEMENT_3D('',#3164,#2548,#2549);
#2161=AXIS2_PLACEMENT_3D('',#3165,#2550,#2551);
#2162=AXIS2_PLACEMENT_3D('',#3167,#2552,#2553);
#2163=AXIS2_PLACEMENT_3D('',#3170,#2555,#2556);
#2164=AXIS2_PLACEMENT_3D('',#3176,#2560,#2561);
#2165=AXIS2_PLACEMENT_3D('',#3182,#2565,#2566);
#2166=AXIS2_PLACEMENT_3D('',#3188,#2570,#2571);
#2167=AXIS2_PLACEMENT_3D('',#3189,#2572,#2573);
#2168=AXIS2_PLACEMENT_3D('',#3190,#2574,#2575);
#2169=AXIS2_PLACEMENT_3D('',#3196,#2579,#2580);
#2170=AXIS2_PLACEMENT_3D('',#3202,#2584,#2585);
#2171=AXIS2_PLACEMENT_3D('',#3206,#2588,#2589);
#2172=AXIS2_PLACEMENT_3D('',#3210,#2592,#2593);
#2173=AXIS2_PLACEMENT_3D('',#3211,#2594,#2595);
#2174=AXIS2_PLACEMENT_3D('',#3212,#2596,#2597);
#2175=AXIS2_PLACEMENT_3D('',#3213,#2598,#2599);
#2176=AXIS2_PLACEMENT_3D('',#3214,#2600,#2601);
#2177=AXIS2_PLACEMENT_3D('',#3215,#2602,#2603);
#2178=AXIS2_PLACEMENT_3D('',#3216,#2604,#2605);
#2179=AXIS2_PLACEMENT_3D('',#3221,#2608,#2609);
#2180=AXIS2_PLACEMENT_3D('',#3225,#2611,#2612);
#2181=AXIS2_PLACEMENT_3D('',#3233,#2616,#2617);
#2182=AXIS2_PLACEMENT_3D('',#3237,#2619,#2620);
#2183=AXIS2_PLACEMENT_3D('',#3242,#2623,#2624);
#2184=AXIS2_PLACEMENT_3D('',#3243,#2625,#2626);
#2185=AXIS2_PLACEMENT_3D('',#3248,#2628,#2629);
#2186=AXIS2_PLACEMENT_3D('',#3251,#2631,#2632);
#2187=AXIS2_PLACEMENT_3D('',#3252,#2633,#2634);
#2188=AXIS2_PLACEMENT_3D('',#3256,#2636,#2637);
#2189=AXIS2_PLACEMENT_3D('',#3260,#2639,#2640);
#2190=AXIS2_PLACEMENT_3D('',#3261,#2641,#2642);
#2191=AXIS2_PLACEMENT_3D('',#3264,#2645,#2646);
#2192=AXIS2_PLACEMENT_3D('',#3267,#2648,#2649);
#2193=AXIS2_PLACEMENT_3D('',#3270,#2651,#2652);
#2194=AXIS2_PLACEMENT_3D('',#3271,#2653,#2654);
#2195=AXIS2_PLACEMENT_3D('',#3275,#2656,#2657);
#2196=AXIS2_PLACEMENT_3D('',#3279,#2659,#2660);
#2197=AXIS2_PLACEMENT_3D('',#3280,#2661,#2662);
#2198=AXIS2_PLACEMENT_3D('',#3281,#2663,#2664);
#2199=AXIS2_PLACEMENT_3D('',#3286,#2667,#2668);
#2200=AXIS2_PLACEMENT_3D('',#3287,#2669,#2670);
#2201=AXIS2_PLACEMENT_3D('',#3292,#2672,#2673);
#2202=AXIS2_PLACEMENT_3D('',#3296,#2675,#2676);
#2203=AXIS2_PLACEMENT_3D('',#3297,#2677,#2678);
#2204=AXIS2_PLACEMENT_3D('',#3302,#2681,#2682);
#2205=AXIS2_PLACEMENT_3D('',#3303,#2683,#2684);
#2206=AXIS2_PLACEMENT_3D('',#3306,#2686,#2687);
#2207=AXIS2_PLACEMENT_3D('',#3308,#2689,#2690);
#2208=AXIS2_PLACEMENT_3D('',#3311,#2692,#2693);
#2209=AXIS2_PLACEMENT_3D('',#3313,#2694,#2695);
#2210=AXIS2_PLACEMENT_3D('',#3316,#2697,#2698);
#2211=AXIS2_PLACEMENT_3D('',#3317,#2699,#2700);
#2212=AXIS2_PLACEMENT_3D('',#3322,#2703,#2704);
#2213=AXIS2_PLACEMENT_3D('',#3326,#2706,#2707);
#2214=AXIS2_PLACEMENT_3D('',#3329,#2709,#2710);
#2215=AXIS2_PLACEMENT_3D('',#3330,#2711,#2712);
#2216=AXIS2_PLACEMENT_3D('',#3332,#2714,#2715);
#2217=AXIS2_PLACEMENT_3D('',#3334,#2717,#2718);
#2218=AXIS2_PLACEMENT_3D('',#3338,#2720,#2721);
#2219=AXIS2_PLACEMENT_3D('',#3342,#2723,#2724);
#2220=AXIS2_PLACEMENT_3D('',#3346,#2726,#2727);
#2221=AXIS2_PLACEMENT_3D('',#3347,#2728,#2729);
#2222=AXIS2_PLACEMENT_3D('',#3348,#2730,#2731);
#2223=AXIS2_PLACEMENT_3D('',#3352,#2733,#2734);
#2224=AXIS2_PLACEMENT_3D('',#3353,#2735,#2736);
#2225=AXIS2_PLACEMENT_3D('',#3357,#2738,#2739);
#2226=AXIS2_PLACEMENT_3D('',#3361,#2741,#2742);
#2227=AXIS2_PLACEMENT_3D('',#3362,#2743,#2744);
#2228=AXIS2_PLACEMENT_3D('',#3363,#2745,#2746);
#2229=AXIS2_PLACEMENT_3D('',#3368,#2748,#2749);
#2230=AXIS2_PLACEMENT_3D('',#3369,#2750,#2751);
#2231=AXIS2_PLACEMENT_3D('',#3372,#2753,#2754);
#2232=AXIS2_PLACEMENT_3D('',#3379,#2759,#2760);
#2233=AXIS2_PLACEMENT_3D('',#3382,#2763,#2764);
#2234=AXIS2_PLACEMENT_3D('',#3383,#2765,#2766);
#2235=AXIS2_PLACEMENT_3D('',#3390,#2771,#2772);
#2236=AXIS2_PLACEMENT_3D('',#3391,#2773,#2774);
#2237=AXIS2_PLACEMENT_3D('',#3396,#2776,#2777);
#2238=AXIS2_PLACEMENT_3D('',#3399,#2779,#2780);
#2239=AXIS2_PLACEMENT_3D('',#3400,#2781,#2782);
#2240=AXIS2_PLACEMENT_3D('',#3404,#2784,#2785);
#2241=AXIS2_PLACEMENT_3D('',#3407,#2787,#2788);
#2242=AXIS2_PLACEMENT_3D('',#3413,#2791,#2792);
#2243=AXIS2_PLACEMENT_3D('',#3417,#2794,#2795);
#2244=AXIS2_PLACEMENT_3D('',#3418,#2796,#2797);
#2245=AXIS2_PLACEMENT_3D('',#3422,#2799,#2800);
#2246=AXIS2_PLACEMENT_3D('',#3423,#2801,#2802);
#2247=AXIS2_PLACEMENT_3D('',#3424,#2803,#2804);
#2248=AXIS2_PLACEMENT_3D('',#3427,#2807,#2808);
#2249=AXIS2_PLACEMENT_3D('',#3430,#2811,#2812);
#2250=AXIS2_PLACEMENT_3D('',#3431,#2813,#2814);
#2251=AXIS2_PLACEMENT_3D('',#3441,#2820,#2821);
#2252=AXIS2_PLACEMENT_3D('',#3443,#2823,#2824);
#2253=AXIS2_PLACEMENT_3D('',#3446,#2827,#2828);
#2254=AXIS2_PLACEMENT_3D('',#3447,#2829,#2830);
#2255=AXIS2_PLACEMENT_3D('',#3450,#2833,#2834);
#2256=AXIS2_PLACEMENT_3D('',#3452,#2836,#2837);
#2257=AXIS2_PLACEMENT_3D('',#3454,#2839,#2840);
#2258=AXIS2_PLACEMENT_3D('',#3456,#2842,#2843);
#2259=AXIS2_PLACEMENT_3D('',#3459,#2846,#2847);
#2260=AXIS2_PLACEMENT_3D('',#3460,#2848,#2849);
#2261=AXIS2_PLACEMENT_3D('',#3463,#2852,#2853);
#2262=AXIS2_PLACEMENT_3D('',#3465,#2855,#2856);
#2263=AXIS2_PLACEMENT_3D('',#3467,#2858,#2859);
#2264=AXIS2_PLACEMENT_3D('',#3468,#2860,#2861);
#2265=AXIS2_PLACEMENT_3D('',#3470,#2863,#2864);
#2266=AXIS2_PLACEMENT_3D('',#3472,#2866,#2867);
#2267=AXIS2_PLACEMENT_3D('',#3473,#2868,#2869);
#2268=AXIS2_PLACEMENT_3D('',#3474,#2870,#2871);
#2269=AXIS2_PLACEMENT_3D('',#3475,#2872,#2873);
#2270=AXIS2_PLACEMENT_3D('',#3476,#2874,#2875);
#2271=AXIS2_PLACEMENT_3D('',#3477,#2876,#2877);
#2272=DIRECTION('',(0.,0.,1.));
#2273=DIRECTION('',(1.,0.,0.));
#2274=DIRECTION('',(1.,0.,0.));
#2275=DIRECTION('',(0.,0.,1.));
#2276=DIRECTION('',(0.,1.,0.));
#2277=DIRECTION('',(0.,0.,1.));
#2278=DIRECTION('',(0.,1.,0.));
#2279=DIRECTION('',(0.,0.,1.));
#2280=DIRECTION('',(0.,0.,1.));
#2281=DIRECTION('',(1.,0.,0.));
#2282=DIRECTION('',(1.,0.,0.));
#2283=DIRECTION('',(0.,1.,0.));
#2284=DIRECTION('',(1.,0.,0.));
#2285=DIRECTION('',(3.44509284839508E-16,1.,0.));
#2286=DIRECTION('',(-1.,0.,0.));
#2287=DIRECTION('',(2.22044604924921E-16,-1.,0.));
#2288=DIRECTION('',(-1.,0.,0.));
#2289=DIRECTION('',(0.,0.,1.));
#2290=DIRECTION('',(1.,0.,0.));
#2291=DIRECTION('',(0.,1.,0.));
#2292=DIRECTION('',(1.,0.,0.));
#2293=DIRECTION('',(0.,1.,0.));
#2294=DIRECTION('',(1.,0.,0.));
#2295=DIRECTION('',(0.,1.,0.));
#2296=DIRECTION('',(1.,0.,0.));
#2297=DIRECTION('',(1.,0.,0.));
#2298=DIRECTION('',(1.,0.,0.));
#2299=DIRECTION('',(0.,0.,1.));
#2300=DIRECTION('',(0.,0.,1.));
#2301=DIRECTION('',(0.,0.,1.));
#2302=DIRECTION('',(1.,0.,0.));
#2303=DIRECTION('',(0.,0.,1.));
#2304=DIRECTION('',(0.,-1.,-2.22044604925E-16));
#2305=DIRECTION('',(0.,0.,1.));
#2306=DIRECTION('',(0.,-1.,0.));
#2307=DIRECTION('',(0.,0.,1.));
#2308=DIRECTION('',(0.707106781186548,-2.43604851491744E-16,0.707106781186548));
#2309=DIRECTION('',(-0.707106781186548,-7.04136402447849E-17,0.707106781186548));
#2310=DIRECTION('',(0.707106781186548,0.,-0.707106781186548));
#2311=DIRECTION('',(0.,-1.,-3.445092848398E-16));
#2312=DIRECTION('',(0.707106781186548,0.,-0.707106781186548));
#2313=DIRECTION('',(1.,0.,0.));
#2314=DIRECTION('',(0.,0.,1.));
#2315=DIRECTION('',(0.,0.,-1.));
#2316=DIRECTION('',(0.,1.,0.));
#2317=DIRECTION('',(0.,0.,-1.));
#2318=DIRECTION('',(0.,0.,1.));
#2319=DIRECTION('',(1.,0.,0.));
#2320=DIRECTION('',(1.,0.,0.));
#2321=DIRECTION('',(0.,1.,0.));
#2322=DIRECTION('',(1.,0.,0.));
#2323=DIRECTION('',(0.,0.,1.));
#2324=DIRECTION('',(1.,0.,0.));
#2325=DIRECTION('',(1.,0.,0.));
#2326=DIRECTION('',(0.,1.,0.));
#2327=DIRECTION('',(1.,0.,0.));
#2328=DIRECTION('',(-0.707106781186548,-1.57009245868299E-16,0.707106781186548));
#2329=DIRECTION('',(0.707106781186548,-1.57009245868299E-16,0.707106781186548));
#2330=DIRECTION('',(0.707106781186548,0.,0.707106781186548));
#2331=DIRECTION('',(0.707106781186548,0.,0.707106781186548));
#2332=DIRECTION('',(0.,1.,0.));
#2333=DIRECTION('',(0.,0.,1.));
#2334=DIRECTION('',(0.,0.,1.));
#2335=DIRECTION('',(0.,0.,1.));
#2336=DIRECTION('',(1.,0.,0.));
#2337=DIRECTION('',(0.,0.,1.));
#2338=DIRECTION('',(0.,0.,1.));
#2339=DIRECTION('',(0.,1.,0.));
#2340=DIRECTION('',(0.,0.,1.));
#2341=DIRECTION('',(0.,0.,1.));
#2342=DIRECTION('',(1.,0.,0.));
#2343=DIRECTION('',(0.,0.,1.));
#2344=DIRECTION('',(0.,1.,0.));
#2345=DIRECTION('',(0.,0.,1.));
#2346=DIRECTION('',(0.,1.,0.));
#2347=DIRECTION('',(0.,0.,1.));
#2348=DIRECTION('',(0.,0.,1.));
#2349=DIRECTION('',(1.,0.,0.));
#2350=DIRECTION('',(0.,0.,1.));
#2351=DIRECTION('',(1.,0.,0.));
#2352=DIRECTION('',(0.,1.,0.));
#2353=DIRECTION('',(1.,0.,0.));
#2354=DIRECTION('',(0.,0.,-1.));
#2355=DIRECTION('',(1.,0.,0.));
#2356=DIRECTION('',(-0.577350269029138,0.,-0.816496581041208));
#2357=DIRECTION('',(1.,0.,0.));
#2358=DIRECTION('',(0.,0.,-1.));
#2359=DIRECTION('',(-1.,0.,0.));
#2360=DIRECTION('',(0.577350269029138,0.,-0.816496581041208));
#2361=DIRECTION('',(1.,0.,0.));
#2362=DIRECTION('',(1.,0.,0.));
#2363=DIRECTION('',(0.,0.,-1.));
#2364=DIRECTION('',(0.624695048042229,-0.780868809052786,0.));
#2365=DIRECTION('',(0.780868809052786,0.624695048042229,0.));
#2366=DIRECTION('',(-1.,0.,0.));
#2367=DIRECTION('',(-0.707106781186548,-0.707106781186548,0.));
#2368=DIRECTION('',(0.707106781186548,-0.707106781186548,0.));
#2369=DIRECTION('',(-1.,0.,0.));
#2370=DIRECTION('',(0.,-1.,0.));
#2371=DIRECTION('',(0.,0.,-1.));
#2372=DIRECTION('',(0.,0.,-1.));
#2373=DIRECTION('',(0.,0.,1.));
#2374=DIRECTION('',(1.,0.,0.));
#2375=DIRECTION('',(-1.,0.,0.));
#2376=DIRECTION('',(0.,0.,1.));
#2377=DIRECTION('',(1.,0.,0.));
#2378=DIRECTION('',(-0.707106781186548,-0.707106781186548,0.));
#2379=DIRECTION('',(-0.707106781186548,0.707106781186548,0.));
#2380=DIRECTION('',(0.624695048042229,-0.780868809052786,0.));
#2381=DIRECTION('',(-0.780868809052786,-0.624695048042229,0.));
#2382=DIRECTION('',(0.,-1.,0.));
#2383=DIRECTION('',(0.,0.,-1.));
#2384=DIRECTION('',(0.,0.,-1.));
#2385=DIRECTION('',(1.,0.,0.));
#2386=DIRECTION('',(0.,0.,1.));
#2387=DIRECTION('',(-1.,0.,0.));
#2388=DIRECTION('',(-0.707106781186548,-0.707106781186548,0.));
#2389=DIRECTION('',(0.,0.,-1.));
#2390=DIRECTION('',(0.,0.,1.));
#2391=DIRECTION('',(-0.577350269189626,0.577350269189626,0.577350269189626));
#2392=DIRECTION('',(-0.707106781186548,-0.707106781186548,0.));
#2393=DIRECTION('',(-0.707106781186548,0.707106781186548,0.));
#2394=DIRECTION('',(0.707106781186548,0.707106781186548,0.));
#2395=DIRECTION('',(0.707106781186548,-0.707106781186548,0.));
#2396=DIRECTION('',(-0.577350269189626,0.577350269189626,-0.577350269189626));
#2397=DIRECTION('',(0.,0.707106781186548,-0.707106781186548));
#2398=DIRECTION('',(0.,0.707106781186548,0.707106781186548));
#2399=DIRECTION('',(0.671032973859174,0.524268417889975,0.524268417889975));
#2400=DIRECTION('',(0.,0.707106781186548,-0.707106781186548));
#2401=DIRECTION('',(0.994542502740543,0.0737740138618503,0.0737740138618503));
#2402=DIRECTION('',(0.,0.707106781186548,0.707106781186548));
#2403=DIRECTION('',(1.,0.,0.));
#2404=DIRECTION('',(0.,-0.707106781186548,-0.707106781186548));
#2405=DIRECTION('',(0.,0.707106781186548,-0.707106781186548));
#2406=DIRECTION('',(0.,0.707106781186548,0.707106781186548));
#2407=DIRECTION('',(0.,0.707106781186548,0.707106781186548));
#2408=DIRECTION('',(-0.671032973859174,-0.524268417889975,-0.524268417889975));
#2409=DIRECTION('',(0.,-0.707106781186548,-0.707106781186548));
#2410=DIRECTION('',(1.,0.,0.));
#2411=DIRECTION('',(-1.,0.,0.));
#2412=DIRECTION('',(0.,0.,1.));
#2413=DIRECTION('',(-1.,0.,0.));
#2414=DIRECTION('',(0.707106781093274,0.500000000065955,-0.500000000065955));
#2415=DIRECTION('',(0.707106781279821,-0.499999999934046,0.499999999934046));
#2416=DIRECTION('',(-1.,0.,0.));
#2417=DIRECTION('',(0.,0.,-1.));
#2418=DIRECTION('',(-0.707106781186548,-0.707106781186548,0.));
#2419=DIRECTION('',(0.,0.,-1.));
#2420=DIRECTION('',(0.,0.,1.));
#2421=DIRECTION('',(-0.707106781186548,-0.707106781186548,0.));
#2422=DIRECTION('',(-0.707106781186548,0.707106781186548,0.));
#2423=DIRECTION('',(-0.707106781186548,-0.707106781186548,0.));
#2424=DIRECTION('',(0.707106781186548,-0.707106781186548,0.));
#2425=DIRECTION('',(0.,0.707106781186548,0.707106781186548));
#2426=DIRECTION('',(0.,-0.707106781186548,0.707106781186548));
#2427=DIRECTION('',(0.,0.707106781186548,-0.707106781186548));
#2428=DIRECTION('',(0.671032973859174,0.524268417889975,-0.524268417889975));
#2429=DIRECTION('',(0.,-0.707106781186548,0.707106781186548));
#2430=DIRECTION('',(-1.,0.,0.));
#2431=DIRECTION('',(1.,0.,0.));
#2432=DIRECTION('',(0.,0.,-1.));
#2433=DIRECTION('',(0.707106781093274,0.500000000065955,0.500000000065955));
#2434=DIRECTION('',(-0.707106781279821,0.499999999934046,0.499999999934046));
#2435=DIRECTION('',(1.,0.,0.));
#2436=DIRECTION('',(-1.,0.,0.));
#2437=DIRECTION('',(0.,0.,-1.));
#2438=DIRECTION('',(0.,0.707106781186548,0.707106781186548));
#2439=DIRECTION('',(0.,-0.707106781186548,0.707106781186548));
#2440=DIRECTION('',(0.,-0.707106781186548,0.707106781186548));
#2441=DIRECTION('',(0.,0.707106781186548,0.707106781186548));
#2442=DIRECTION('',(-0.994542502740543,-0.0737740138618503,0.0737740138618503));
#2443=DIRECTION('',(-0.671032973859174,-0.524268417889975,0.524268417889975));
#2444=DIRECTION('',(0.,0.707106781186548,-0.707106781186548));
#2445=DIRECTION('',(-1.,0.,0.));
#2446=DIRECTION('',(-0.705169345294555,0.446321378456816,-0.550938673165405));
#2447=DIRECTION('',(0.615661474932639,2.46589812553617E-17,-0.788010753913782));
#2448=DIRECTION('',(0.787227048193538,0.044587933703036,0.615049177513947));
#2449=DIRECTION('',(-0.0351357717724671,0.999005463532655,-0.0274510723626497));
#2450=DIRECTION('',(-0.705169345294555,0.446321378456816,-0.550938673165405));
#2451=DIRECTION('',(0.787227048492022,0.0445879334281557,0.615049177151832));
#2452=DIRECTION('',(0.0351357710361785,-0.999005463544923,0.0274510728585766));
#2453=DIRECTION('',(0.705169345294555,-0.446321378456816,0.550938673165405));
#2454=DIRECTION('',(-0.671032973859174,-0.524268417889975,-0.524268417889975));
#2455=DIRECTION('',(0.615661475482947,4.29947633051598E-10,-0.788010753483835));
#2456=DIRECTION('',(0.707106781093274,0.500000000065955,-0.500000000065955));
#2457=DIRECTION('',(0.381156193066686,0.326065582024574,0.865101839499771));
#2458=DIRECTION('',(0.671032973859174,0.524268417889975,0.524268417889975));
#2459=DIRECTION('',(-1.,0.,0.));
#2460=DIRECTION('',(0.,-0.707106781186548,-0.707106781186548));
#2461=DIRECTION('',(0.671032973859174,0.524268417889975,0.524268417889975));
#2462=DIRECTION('',(-0.615661475482947,-4.29947633051598E-10,0.788010753483835));
#2463=DIRECTION('',(-1.,0.,0.));
#2464=DIRECTION('',(0.,0.707106781186548,0.707106781186548));
#2465=DIRECTION('',(-0.671032973859174,-0.524268417889975,-0.524268417889975));
#2466=DIRECTION('',(0.787227048193538,0.044587933703036,0.615049177513947));
#2467=DIRECTION('',(0.0351357717724671,-0.999005463532655,0.0274510723626497));
#2468=DIRECTION('',(0.705169345294555,-0.446321378456816,0.550938673165405));
#2469=DIRECTION('',(-0.615661474932639,-2.46589812553617E-17,0.788010753913782));
#2470=DIRECTION('',(-0.705169345294555,0.446321378456816,-0.550938673165405));
#2471=DIRECTION('',(0.787227048492022,0.0445879334281557,0.615049177151832));
#2472=DIRECTION('',(-0.0351357710361785,0.999005463544923,-0.0274510728585766));
#2473=DIRECTION('',(0.,-0.707106781186548,0.707106781186548));
#2474=DIRECTION('',(0.994542502740543,0.0737740138618503,0.0737740138618503));
#2475=DIRECTION('',(0.705169345294555,-0.446321378456816,0.550938673165405));
#2476=DIRECTION('',(-1.,0.,0.));
#2477=DIRECTION('',(0.,0.,1.));
#2478=DIRECTION('',(-1.,0.,0.));
#2479=DIRECTION('',(0.624695048042229,-0.780868809052786,0.));
#2480=DIRECTION('',(-0.780868809052786,-0.624695048042229,0.));
#2481=DIRECTION('',(0.707106781093274,0.500000000065955,-0.500000000065955));
#2482=DIRECTION('',(0.707106781279821,-0.499999999934046,0.499999999934046));
#2483=DIRECTION('',(-0.624695048042229,0.780868809052786,0.));
#2484=DIRECTION('',(0.,0.,-1.));
#2485=DIRECTION('',(-0.624695048042229,0.780868809052786,0.));
#2486=DIRECTION('',(0.780868809052786,0.624695048042229,0.));
#2487=DIRECTION('',(0.,0.,-1.));
#2488=DIRECTION('',(1.,0.,0.));
#2489=DIRECTION('',(0.,0.,-1.));
#2490=DIRECTION('',(0.707106781093274,0.500000000065955,0.500000000065955));
#2491=DIRECTION('',(-0.707106781279821,0.499999999934046,0.499999999934046));
#2492=DIRECTION('',(-1.,0.,0.));
#2493=DIRECTION('',(0.707106781093274,0.500000000065955,-0.500000000065955));
#2494=DIRECTION('',(0.,0.707106781186548,0.707106781186548));
#2495=DIRECTION('',(0.,-0.707106781186548,-0.707106781186548));
#2496=DIRECTION('',(-0.577350269029138,0.,-0.816496581041208));
#2497=DIRECTION('',(-0.624695048042229,0.780868809052786,0.));
#2498=DIRECTION('',(0.,0.,-1.));
#2499=DIRECTION('',(0.624695048042229,-0.780868809052786,0.));
#2500=DIRECTION('',(-0.780868809052786,-0.624695048042229,0.));
#2501=DIRECTION('',(0.624695048042229,-0.780868809052786,0.));
#2502=DIRECTION('',(0.780868809052786,0.624695048042229,0.));
#2503=DIRECTION('',(1.,0.,0.));
#2504=DIRECTION('',(0.,0.,-1.));
#2505=DIRECTION('',(0.707106781093274,0.500000000065955,-0.500000000065955));
#2506=DIRECTION('',(0.,0.707106781186548,0.707106781186548));
#2507=DIRECTION('',(0.,-0.707106781186548,-0.707106781186548));
#2508=DIRECTION('',(-0.707106781093274,-0.500000000065955,0.500000000065955));
#2509=DIRECTION('',(-0.381156193673955,-0.326065581206535,-0.865101839540541));
#2510=DIRECTION('',(-1.,0.,0.));
#2511=DIRECTION('',(0.,0.,1.));
#2512=DIRECTION('',(-0.671032973859174,-0.524268417889975,0.524268417889975));
#2513=DIRECTION('',(-0.615661475482947,-4.29947633051598E-10,-0.788010753483835));
#2514=DIRECTION('',(-1.,0.,0.));
#2515=DIRECTION('',(0.,-0.707106781186548,0.707106781186548));
#2516=DIRECTION('',(0.787227048193538,0.044587933703036,-0.615049177513947));
#2517=DIRECTION('',(-0.0351357717724671,0.999005463532655,0.0274510723626497));
#2518=DIRECTION('',(0.671032973859174,0.524268417889975,-0.524268417889975));
#2519=DIRECTION('',(1.,0.,0.));
#2520=DIRECTION('',(0.,0.,-1.));
#2521=DIRECTION('',(0.,1.,0.));
#2522=DIRECTION('',(-1.,0.,0.));
#2523=DIRECTION('',(0.,0.707106781186548,-0.707106781186548));
#2524=DIRECTION('',(0.,-1.,0.));
#2525=DIRECTION('',(0.671032973859174,0.524268417889975,-0.524268417889975));
#2526=DIRECTION('',(0.615661475482947,4.29947633051598E-10,0.788010753483835));
#2527=DIRECTION('',(-0.671032973859174,-0.524268417889975,0.524268417889975));
#2528=DIRECTION('',(0.787227048193538,0.044587933703036,-0.615049177513947));
#2529=DIRECTION('',(0.0351357717724671,-0.999005463532655,-0.0274510723626497));
#2530=DIRECTION('',(0.707106781093274,0.500000000065955,0.500000000065955));
#2531=DIRECTION('',(-0.381156193066686,-0.326065582024574,0.865101839499771));
#2532=DIRECTION('',(0.705169345294555,-0.446321378456816,-0.550938673165405));
#2533=DIRECTION('',(0.615661474932639,2.46589812553617E-17,0.788010753913782));
#2534=DIRECTION('',(-0.705169345294555,0.446321378456816,0.550938673165405));
#2535=DIRECTION('',(0.787227048492022,0.0445879334281557,-0.615049177151832));
#2536=DIRECTION('',(-0.0351357710361785,0.999005463544923,0.0274510728585766));
#2537=DIRECTION('',(0.705169345294555,-0.446321378456816,-0.550938673165405));
#2538=DIRECTION('',(0.707106781093274,0.500000000065955,0.500000000065955));
#2539=DIRECTION('',(0.,-0.707106781186548,0.707106781186548));
#2540=DIRECTION('',(-0.707106781093274,-0.500000000065955,-0.500000000065955));
#2541=DIRECTION('',(0.381156193673955,0.326065581206535,-0.865101839540541));
#2542=DIRECTION('',(0.,0.707106781186548,-0.707106781186548));
#2543=DIRECTION('',(0.707106781093274,0.500000000065955,0.500000000065955));
#2544=DIRECTION('',(0.,-0.707106781186548,0.707106781186548));
#2545=DIRECTION('',(0.,0.707106781186548,-0.707106781186548));
#2546=DIRECTION('',(-0.705169345294555,0.446321378456816,0.550938673165405));
#2547=DIRECTION('',(0.577350269029138,0.,-0.816496581041208));
#2548=DIRECTION('',(-0.705169345294555,0.446321378456816,0.550938673165405));
#2549=DIRECTION('',(-0.615661474932639,-2.46589812553617E-17,-0.788010753913782));
#2550=DIRECTION('',(0.,-0.707106781186548,-0.707106781186548));
#2551=DIRECTION('',(-0.994542502740543,-0.0737740138618503,0.0737740138618503));
#2552=DIRECTION('',(0.787227048492022,0.0445879334281557,-0.615049177151832));
#2553=DIRECTION('',(0.0351357710361785,-0.999005463544923,-0.0274510728585766));
#2554=DIRECTION('',(0.705169345294555,-0.446321378456816,-0.550938673165405));
#2555=DIRECTION('',(0.,-0.707106781186548,-0.707106781186548));
#2556=DIRECTION('',(0.,0.707106781186548,-0.707106781186548));
#2557=DIRECTION('',(0.67103297459142,0.524268417421358,-0.524268417421358));
#2558=DIRECTION('',(0.,0.707106781186548,-0.707106781186548));
#2559=DIRECTION('',(1.,0.,0.));
#2560=DIRECTION('',(0.,-0.707106781186548,0.707106781186548));
#2561=DIRECTION('',(0.,-0.707106781186548,-0.707106781186548));
#2562=DIRECTION('',(0.,-0.707106781186548,-0.707106781186548));
#2563=DIRECTION('',(-0.67103297459142,-0.524268417421358,-0.524268417421358));
#2564=DIRECTION('',(1.,0.,0.));
#2565=DIRECTION('',(-0.615661474932639,0.,-0.788010753913782));
#2566=DIRECTION('',(-0.788010753913782,0.,0.615661474932639));
#2567=DIRECTION('',(0.,1.,0.));
#2568=DIRECTION('',(-0.67103297459142,-0.524268417421358,0.524268417421358));
#2569=DIRECTION('',(0.67103297459142,0.524268417421358,-0.524268417421358));
#2570=DIRECTION('',(0.67103297459142,0.524268417421358,-0.524268417421358));
#2571=DIRECTION('',(0.615661474932639,4.16342222437143E-18,0.788010753913782));
#2572=DIRECTION('',(1.,0.,0.));
#2573=DIRECTION('',(0.,0.707106781186548,-0.707106781186548));
#2574=DIRECTION('',(-0.615661474932639,0.,0.788010753913782));
#2575=DIRECTION('',(0.788010753913782,0.,0.615661474932639));
#2576=DIRECTION('',(0.,1.,0.));
#2577=DIRECTION('',(-0.67103297459142,-0.524268417421358,-0.524268417421358));
#2578=DIRECTION('',(0.67103297459142,0.524268417421358,0.524268417421358));
#2579=DIRECTION('',(0.,-0.707106781186548,-0.707106781186548));
#2580=DIRECTION('',(0.,0.707106781186548,-0.707106781186548));
#2581=DIRECTION('',(0.,0.707106781186548,-0.707106781186548));
#2582=DIRECTION('',(-0.67103297459142,-0.524268417421358,0.524268417421358));
#2583=DIRECTION('',(1.,0.,0.));
#2584=DIRECTION('',(0.,1.,0.));
#2585=DIRECTION('',(1.,0.,0.));
#2586=DIRECTION('',(1.,0.,0.));
#2587=DIRECTION('',(0.,0.,-1.));
#2588=DIRECTION('',(0.,-0.707106781186548,0.707106781186548));
#2589=DIRECTION('',(0.,-0.707106781186548,-0.707106781186548));
#2590=DIRECTION('',(0.67103297459142,0.524268417421358,0.524268417421358));
#2591=DIRECTION('',(0.,-0.707106781186548,-0.707106781186548));
#2592=DIRECTION('',(0.67103297459142,0.524268417421358,0.524268417421358));
#2593=DIRECTION('',(-0.615661474932639,-4.16342222437143E-18,0.788010753913782));
#2594=DIRECTION('',(1.,0.,0.));
#2595=DIRECTION('',(0.,0.707106781186548,0.707106781186548));
#2596=DIRECTION('',(-0.67103297459142,-0.524268417421358,0.524268417421358));
#2597=DIRECTION('',(-0.615661474932639,-4.16342222437143E-18,-0.788010753913782));
#2598=DIRECTION('',(1.,0.,0.));
#2599=DIRECTION('',(0.,-0.707106781186548,0.707106781186548));
#2600=DIRECTION('',(-0.67103297459142,-0.524268417421358,-0.524268417421358));
#2601=DIRECTION('',(0.615661474932639,4.16342222437143E-18,-0.788010753913782));
#2602=DIRECTION('',(1.,0.,0.));
#2603=DIRECTION('',(0.,-0.707106781186548,-0.707106781186548));
#2604=DIRECTION('',(1.,0.,0.));
#2605=DIRECTION('',(0.,0.,-1.));
#2606=DIRECTION('',(0.,1.,0.));
#2607=DIRECTION('',(0.,-0.707106781186548,0.707106781186548));
#2608=DIRECTION('',(1.,0.,0.));
#2609=DIRECTION('',(0.,-0.707106781186548,0.707106781186548));
#2610=DIRECTION('',(0.,1.,0.));
#2611=DIRECTION('',(1.,0.,0.));
#2612=DIRECTION('',(0.,0.707106781186548,-0.707106781186548));
#2613=DIRECTION('',(0.,-0.707106781186548,0.707106781186548));
#2614=DIRECTION('',(0.,0.,1.));
#2615=DIRECTION('',(0.,0.707106781186548,0.707106781186548));
#2616=DIRECTION('',(1.,0.,0.));
#2617=DIRECTION('',(0.,-0.707106781186548,-0.707106781186548));
#2618=DIRECTION('',(0.,1.,0.));
#2619=DIRECTION('',(1.,0.,0.));
#2620=DIRECTION('',(0.,0.707106781186548,0.707106781186548));
#2621=DIRECTION('',(0.,0.707106781186548,0.707106781186548));
#2622=DIRECTION('',(0.,1.,0.));
#2623=DIRECTION('',(-0.671032973859174,0.524268417889975,-0.524268417889975));
#2624=DIRECTION('',(0.615661475482947,-4.29947633051598E-10,-0.788010753483835));
#2625=DIRECTION('',(-0.787227048193538,0.044587933703036,-0.615049177513947));
#2626=DIRECTION('',(0.0351357717724671,0.999005463532655,0.0274510723626497));
#2627=DIRECTION('',(0.671032973859174,-0.524268417889975,0.524268417889975));
#2628=DIRECTION('',(-1.,0.,0.));
#2629=DIRECTION('',(0.,0.707106781186548,-0.707106781186548));
#2630=DIRECTION('',(-0.671032973859174,0.524268417889975,-0.524268417889975));
#2631=DIRECTION('',(-0.705169345294555,-0.446321378456816,-0.550938673165405));
#2632=DIRECTION('',(0.615661474932639,-2.46589812553617E-17,-0.788010753913782));
#2633=DIRECTION('',(-0.787227048492022,0.0445879334281557,-0.615049177151832));
#2634=DIRECTION('',(-0.0351357710361785,-0.999005463544923,-0.0274510728585766));
#2635=DIRECTION('',(0.705169345294555,0.446321378456816,0.550938673165405));
#2636=DIRECTION('',(0.,-0.707106781186548,-0.707106781186548));
#2637=DIRECTION('',(-0.994542502740543,0.0737740138618503,-0.0737740138618503));
#2638=DIRECTION('',(-0.705169345294555,-0.446321378456816,-0.550938673165405));
#2639=DIRECTION('',(0.,0.707106781186548,0.707106781186548));
#2640=DIRECTION('',(-0.994542502740543,0.0737740138618503,-0.0737740138618503));
#2641=DIRECTION('',(-0.67103297459142,0.524268417421358,-0.524268417421358));
#2642=DIRECTION('',(0.615661474932639,-4.16342222437143E-18,-0.788010753913782));
#2643=DIRECTION('',(0.67103297459142,-0.524268417421358,0.524268417421358));
#2644=DIRECTION('',(-0.67103297459142,0.524268417421358,-0.524268417421358));
#2645=DIRECTION('',(0.67103297459142,-0.524268417421358,-0.524268417421358));
#2646=DIRECTION('',(0.615661474932639,-4.16342222437143E-18,0.788010753913782));
#2647=DIRECTION('',(0.67103297459142,-0.524268417421358,-0.524268417421358));
#2648=DIRECTION('',(0.787227048492022,-0.0445879334281557,-0.615049177151832));
#2649=DIRECTION('',(-0.0351357710361785,-0.999005463544923,0.0274510728585766));
#2650=DIRECTION('',(-0.67103297459142,0.524268417421358,0.524268417421358));
#2651=DIRECTION('',(0.705169345294555,0.446321378456816,-0.550938673165405));
#2652=DIRECTION('',(0.615661474932639,-2.46589812553617E-17,0.788010753913782));
#2653=DIRECTION('',(0.787227048193538,-0.044587933703036,-0.615049177513947));
#2654=DIRECTION('',(0.0351357717724671,0.999005463532655,-0.0274510723626497));
#2655=DIRECTION('',(-0.705169345294555,-0.446321378456816,0.550938673165405));
#2656=DIRECTION('',(0.,0.707106781186548,-0.707106781186548));
#2657=DIRECTION('',(0.994542502740543,-0.0737740138618503,-0.0737740138618503));
#2658=DIRECTION('',(0.705169345294555,0.446321378456816,-0.550938673165405));
#2659=DIRECTION('',(0.,-0.707106781186548,0.707106781186548));
#2660=DIRECTION('',(0.994542502740543,-0.0737740138618503,-0.0737740138618503));
#2661=DIRECTION('',(0.671032973859174,-0.524268417889975,-0.524268417889975));
#2662=DIRECTION('',(0.615661475482947,-4.29947633051598E-10,0.788010753483835));
#2663=DIRECTION('',(-1.,0.,0.));
#2664=DIRECTION('',(0.,-0.707106781186548,-0.707106781186548));
#2665=DIRECTION('',(-0.671032973859174,0.524268417889975,0.524268417889975));
#2666=DIRECTION('',(0.671032973859174,-0.524268417889975,-0.524268417889975));
#2667=DIRECTION('',(0.671032973859174,-0.524268417889975,0.524268417889975));
#2668=DIRECTION('',(-0.615661475482947,4.29947633051598E-10,0.788010753483835));
#2669=DIRECTION('',(0.707106781093274,-0.500000000065955,-0.500000000065955));
#2670=DIRECTION('',(-0.381156193066686,0.326065582024574,-0.865101839499771));
#2671=DIRECTION('',(0.671032973859174,-0.524268417889975,0.524268417889975));
#2672=DIRECTION('',(-1.,0.,0.));
#2673=DIRECTION('',(0.,-0.707106781186548,0.707106781186548));
#2674=DIRECTION('',(-0.671032973859174,0.524268417889975,-0.524268417889975));
#2675=DIRECTION('',(-0.787227048193538,0.044587933703036,-0.615049177513947));
#2676=DIRECTION('',(-0.0351357717724671,-0.999005463532655,-0.0274510723626497));
#2677=DIRECTION('',(0.705169345294555,0.446321378456816,0.550938673165405));
#2678=DIRECTION('',(-0.615661474932639,2.46589812553617E-17,0.788010753913782));
#2679=DIRECTION('',(0.705169345294555,0.446321378456816,0.550938673165405));
#2680=DIRECTION('',(-0.705169345294555,-0.446321378456816,-0.550938673165405));
#2681=DIRECTION('',(-0.787227048492022,0.0445879334281557,-0.615049177151832));
#2682=DIRECTION('',(0.0351357710361785,0.999005463544923,0.0274510728585766));
#2683=DIRECTION('',(0.67103297459142,-0.524268417421358,0.524268417421358));
#2684=DIRECTION('',(-0.615661474932639,4.16342222437143E-18,0.788010753913782));
#2685=DIRECTION('',(0.67103297459142,-0.524268417421358,0.524268417421358));
#2686=DIRECTION('',(-0.707106781093274,0.500000000065955,0.500000000065955));
#2687=DIRECTION('',(0.381156193673955,-0.326065581206535,0.865101839540541));
#2688=DIRECTION('',(-0.67103297459142,0.524268417421358,-0.524268417421358));
#2689=DIRECTION('',(-0.67103297459142,0.524268417421358,0.524268417421358));
#2690=DIRECTION('',(-0.615661474932639,4.16342222437143E-18,-0.788010753913782));
#2691=DIRECTION('',(0.67103297459142,-0.524268417421358,-0.524268417421358));
#2692=DIRECTION('',(0.787227048492022,-0.0445879334281557,-0.615049177151832));
#2693=DIRECTION('',(0.0351357710361785,0.999005463544923,-0.0274510728585766));
#2694=DIRECTION('',(-0.707106781093274,0.500000000065955,-0.500000000065955));
#2695=DIRECTION('',(-0.381156193673955,0.326065581206535,0.865101839540541));
#2696=DIRECTION('',(-0.67103297459142,0.524268417421358,0.524268417421358));
#2697=DIRECTION('',(-0.705169345294555,-0.446321378456816,0.550938673165405));
#2698=DIRECTION('',(-0.615661474932639,2.46589812553617E-17,-0.788010753913782));
#2699=DIRECTION('',(0.787227048193538,-0.044587933703036,-0.615049177513947));
#2700=DIRECTION('',(-0.0351357717724671,-0.999005463532655,0.0274510723626497));
#2701=DIRECTION('',(-0.705169345294555,-0.446321378456816,0.550938673165405));
#2702=DIRECTION('',(0.705169345294555,0.446321378456816,-0.550938673165405));
#2703=DIRECTION('',(-0.671032973859174,0.524268417889975,0.524268417889975));
#2704=DIRECTION('',(-0.615661475482947,4.29947633051598E-10,-0.788010753483835));
#2705=DIRECTION('',(-0.671032973859174,0.524268417889975,0.524268417889975));
#2706=DIRECTION('',(0.707106781093274,-0.500000000065955,0.500000000065955));
#2707=DIRECTION('',(0.381156193066686,-0.326065582024574,-0.865101839499771));
#2708=DIRECTION('',(0.671032973859174,-0.524268417889975,-0.524268417889975));
#2709=DIRECTION('',(-1.,0.,0.));
#2710=DIRECTION('',(0.,0.707106781186548,0.707106781186548));
#2711=DIRECTION('',(-0.615661474932639,0.,0.788010753913782));
#2712=DIRECTION('',(0.788010753913782,0.,0.615661474932639));
#2713=DIRECTION('',(0.,-1.,0.));
#2714=DIRECTION('',(-0.615661474932639,0.,-0.788010753913782));
#2715=DIRECTION('',(-0.788010753913782,0.,0.615661474932639));
#2716=DIRECTION('',(0.,1.,0.));
#2717=DIRECTION('',(-1.,0.,0.));
#2718=DIRECTION('',(0.,0.,1.));
#2719=DIRECTION('',(-1.,0.,0.));
#2720=DIRECTION('',(0.624695048042229,0.780868809052786,0.));
#2721=DIRECTION('',(-0.780868809052786,0.624695048042229,0.));
#2722=DIRECTION('',(1.,0.,0.));
#2723=DIRECTION('',(-0.707106781186548,0.707106781186548,0.));
#2724=DIRECTION('',(-0.707106781186548,-0.707106781186548,0.));
#2725=DIRECTION('',(1.,0.,0.));
#2726=DIRECTION('',(0.707106781093274,-0.500000000065955,0.500000000065955));
#2727=DIRECTION('',(0.707106781279821,0.499999999934046,-0.499999999934046));
#2728=DIRECTION('',(1.,0.,0.));
#2729=DIRECTION('',(0.,0.,-1.));
#2730=DIRECTION('',(0.624695048042229,0.780868809052786,0.));
#2731=DIRECTION('',(0.780868809052786,-0.624695048042229,0.));
#2732=DIRECTION('',(-1.,0.,0.));
#2733=DIRECTION('',(-0.707106781186548,0.707106781186548,0.));
#2734=DIRECTION('',(0.707106781186548,0.707106781186548,0.));
#2735=DIRECTION('',(-1.,0.,0.));
#2736=DIRECTION('',(0.,0.,1.));
#2737=DIRECTION('',(1.,0.,0.));
#2738=DIRECTION('',(-0.707106781186548,0.707106781186548,0.));
#2739=DIRECTION('',(-0.707106781186548,-0.707106781186548,0.));
#2740=DIRECTION('',(1.,0.,0.));
#2741=DIRECTION('',(0.624695048042229,0.780868809052786,0.));
#2742=DIRECTION('',(-0.780868809052786,0.624695048042229,0.));
#2743=DIRECTION('',(1.,0.,0.));
#2744=DIRECTION('',(0.,0.,-1.));
#2745=DIRECTION('',(0.707106781093274,-0.500000000065955,-0.500000000065955));
#2746=DIRECTION('',(-0.707106781279821,-0.499999999934046,-0.499999999934046));
#2747=DIRECTION('',(-1.,0.,0.));
#2748=DIRECTION('',(0.707106781186548,-0.707106781186548,0.));
#2749=DIRECTION('',(0.707106781186548,0.707106781186548,0.));
#2750=DIRECTION('',(-0.624695048042229,-0.780868809052786,0.));
#2751=DIRECTION('',(0.780868809052786,-0.624695048042229,0.));
#2752=DIRECTION('',(-1.,0.,0.));
#2753=DIRECTION('',(-0.707106781186548,0.707106781186548,0.));
#2754=DIRECTION('',(0.,0.,1.));
#2755=DIRECTION('',(0.,0.,-1.));
#2756=DIRECTION('',(-0.577350269189626,-0.577350269189626,-0.577350269189626));
#2757=DIRECTION('',(0.,0.,1.));
#2758=DIRECTION('',(-0.577350269189626,-0.577350269189626,0.577350269189626));
#2759=DIRECTION('',(-0.624695048042229,-0.780868809052786,0.));
#2760=DIRECTION('',(0.,0.,1.));
#2761=DIRECTION('',(0.,0.,-1.));
#2762=DIRECTION('',(0.,0.,1.));
#2763=DIRECTION('',(0.,1.,0.));
#2764=DIRECTION('',(0.,0.,1.));
#2765=DIRECTION('',(0.,-1.,0.));
#2766=DIRECTION('',(-1.,0.,0.));
#2767=DIRECTION('',(-0.577350269029138,0.,0.816496581041208));
#2768=DIRECTION('',(1.,0.,0.));
#2769=DIRECTION('',(1.,0.,0.));
#2770=DIRECTION('',(0.577350269029138,0.,0.816496581041208));
#2771=DIRECTION('',(-1.,0.,0.));
#2772=DIRECTION('',(0.,0.,1.));
#2773=DIRECTION('',(0.707106781093274,-0.500000000065955,0.500000000065955));
#2774=DIRECTION('',(0.707106781279821,0.499999999934046,-0.499999999934046));
#2775=DIRECTION('',(1.,0.,0.));
#2776=DIRECTION('',(-1.,0.,0.));
#2777=DIRECTION('',(0.,0.,-1.));
#2778=DIRECTION('',(1.,0.,0.));
#2779=DIRECTION('',(1.,0.,0.));
#2780=DIRECTION('',(0.,0.,-1.));
#2781=DIRECTION('',(0.624695048042229,0.780868809052786,0.));
#2782=DIRECTION('',(0.780868809052786,-0.624695048042229,0.));
#2783=DIRECTION('',(1.,0.,0.));
#2784=DIRECTION('',(-0.707106781186548,0.707106781186548,0.));
#2785=DIRECTION('',(0.707106781186548,0.707106781186548,0.));
#2786=DIRECTION('',(-1.,0.,0.));
#2787=DIRECTION('',(-1.,0.,0.));
#2788=DIRECTION('',(0.,0.,1.));
#2789=DIRECTION('',(1.,0.,0.));
#2790=DIRECTION('',(-1.,0.,0.));
#2791=DIRECTION('',(0.624695048042229,0.780868809052786,0.));
#2792=DIRECTION('',(-0.780868809052786,0.624695048042229,0.));
#2793=DIRECTION('',(1.,0.,0.));
#2794=DIRECTION('',(-0.707106781186548,0.707106781186548,0.));
#2795=DIRECTION('',(-0.707106781186548,-0.707106781186548,0.));
#2796=DIRECTION('',(1.,0.,0.));
#2797=DIRECTION('',(0.,0.,-1.));
#2798=DIRECTION('',(-1.,0.,0.));
#2799=DIRECTION('',(0.707106781093274,-0.500000000065955,-0.500000000065955));
#2800=DIRECTION('',(-0.707106781279821,-0.499999999934046,-0.499999999934046));
#2801=DIRECTION('',(-1.,0.,0.));
#2802=DIRECTION('',(0.,0.,-1.));
#2803=DIRECTION('',(-0.707106781186548,0.707106781186548,0.));
#2804=DIRECTION('',(0.,0.,1.));
#2805=DIRECTION('',(0.,0.,-1.));
#2806=DIRECTION('',(0.,0.,1.));
#2807=DIRECTION('',(-0.624695048042229,-0.780868809052786,0.));
#2808=DIRECTION('',(0.,0.,1.));
#2809=DIRECTION('',(0.,0.,-1.));
#2810=DIRECTION('',(0.,0.,1.));
#2811=DIRECTION('',(0.,1.,0.));
#2812=DIRECTION('',(0.,0.,1.));
#2813=DIRECTION('',(0.,-1.,0.));
#2814=DIRECTION('',(-1.,0.,0.));
#2815=DIRECTION('',(1.,0.,0.));
#2816=DIRECTION('',(0.,0.,-1.));
#2817=DIRECTION('',(1.,0.,0.));
#2818=DIRECTION('',(-0.577350269029138,0.,0.816496581041208));
#2819=DIRECTION('',(0.577350269029138,0.,0.816496581041208));
#2820=DIRECTION('',(0.,0.707106781186548,-0.707106781186548));
#2821=DIRECTION('',(0.,0.707106781186548,0.707106781186548));
#2822=DIRECTION('',(0.,0.707106781186548,0.707106781186548));
#2823=DIRECTION('',(0.,-0.707106781186548,0.707106781186548));
#2824=DIRECTION('',(0.,-0.707106781186548,-0.707106781186548));
#2825=DIRECTION('',(0.,-0.707106781186548,-0.707106781186548));
#2826=DIRECTION('',(0.,0.707106781186548,0.707106781186548));
#2827=DIRECTION('',(0.707106781093274,-0.500000000065955,0.500000000065955));
#2828=DIRECTION('',(0.,-0.707106781186548,-0.707106781186548));
#2829=DIRECTION('',(0.707106781093274,-0.500000000065955,0.500000000065955));
#2830=DIRECTION('',(0.,-0.707106781186548,-0.707106781186548));
#2831=DIRECTION('',(0.,0.707106781186548,0.707106781186548));
#2832=DIRECTION('',(0.,-0.707106781186548,-0.707106781186548));
#2833=DIRECTION('',(0.,0.707106781186548,-0.707106781186548));
#2834=DIRECTION('',(0.,0.707106781186548,0.707106781186548));
#2835=DIRECTION('',(1.,0.,0.));
#2836=DIRECTION('',(0.,-0.707106781186548,0.707106781186548));
#2837=DIRECTION('',(0.,-0.707106781186548,-0.707106781186548));
#2838=DIRECTION('',(0.,0.707106781186548,0.707106781186548));
#2839=DIRECTION('',(0.,0.707106781186548,0.707106781186548));
#2840=DIRECTION('',(0.,-0.707106781186548,0.707106781186548));
#2841=DIRECTION('',(0.,-0.707106781186548,0.707106781186548));
#2842=DIRECTION('',(0.,-0.707106781186548,-0.707106781186548));
#2843=DIRECTION('',(0.,0.707106781186548,-0.707106781186548));
#2844=DIRECTION('',(0.,-0.707106781186548,0.707106781186548));
#2845=DIRECTION('',(0.,0.707106781186548,-0.707106781186548));
#2846=DIRECTION('',(0.707106781093274,-0.500000000065955,-0.500000000065955));
#2847=DIRECTION('',(0.,0.707106781186548,-0.707106781186548));
#2848=DIRECTION('',(0.707106781093274,-0.500000000065955,-0.500000000065955));
#2849=DIRECTION('',(0.,0.707106781186548,-0.707106781186548));
#2850=DIRECTION('',(0.,-0.707106781186548,0.707106781186548));
#2851=DIRECTION('',(0.,0.707106781186548,-0.707106781186548));
#2852=DIRECTION('',(0.,0.707106781186548,0.707106781186548));
#2853=DIRECTION('',(0.,-0.707106781186548,0.707106781186548));
#2854=DIRECTION('',(1.,0.,0.));
#2855=DIRECTION('',(0.,-0.707106781186548,-0.707106781186548));
#2856=DIRECTION('',(0.,0.707106781186548,-0.707106781186548));
#2857=DIRECTION('',(0.,-0.707106781186548,0.707106781186548));
#2858=DIRECTION('',(1.,0.,0.));
#2859=DIRECTION('',(0.,0.,-1.));
#2860=DIRECTION('',(0.,0.,-1.));
#2861=DIRECTION('',(-1.,0.,0.));
#2862=DIRECTION('',(0.,1.,0.));
#2863=DIRECTION('',(0.,0.,-1.));
#2864=DIRECTION('',(-1.,0.,0.));
#2865=DIRECTION('',(0.,1.,0.));
#2866=DIRECTION('',(1.,0.,0.));
#2867=DIRECTION('',(0.,1.,0.));
#2868=DIRECTION('',(0.,1.,0.));
#2869=DIRECTION('',(-1.,0.,0.));
#2870=DIRECTION('',(0.,0.,1.));
#2871=DIRECTION('',(1.,0.,0.));
#2872=DIRECTION('',(0.,1.,0.));
#2873=DIRECTION('',(-1.,0.,0.));
#2874=DIRECTION('',(0.,0.,1.));
#2875=DIRECTION('',(1.,0.,0.));
#2876=DIRECTION('',(0.,1.,0.));
#2877=DIRECTION('',(-1.,0.,0.));
#2878=CARTESIAN_POINT('',(0.,0.,0.));
#2879=CARTESIAN_POINT('',(0.0305,-0.023,0.));
#2880=CARTESIAN_POINT('',(0.0305,-0.023,0.));
#2881=CARTESIAN_POINT('',(0.0305,-0.021975,0.));
#2882=CARTESIAN_POINT('',(0.0305,-0.001025,0.));
#2883=CARTESIAN_POINT('',(0.0305,-0.001025,0.));
#2884=CARTESIAN_POINT('',(0.0305,-0.001025,0.01));
#2885=CARTESIAN_POINT('',(0.0305,-0.023,0.01));
#2886=CARTESIAN_POINT('',(0.0305,-0.021975,0.01));
#2887=CARTESIAN_POINT('',(0.0305,-0.021975,0.));
#2888=CARTESIAN_POINT('',(0.,-0.023,0.01));
#2889=CARTESIAN_POINT('',(0.,-0.001025,0.01));
#2890=CARTESIAN_POINT('',(0.,-0.001025,0.01));
#2891=CARTESIAN_POINT('',(0.,-0.023,0.01));
#2892=CARTESIAN_POINT('',(0.,-0.021975,0.01));
#2893=CARTESIAN_POINT('',(0.,-0.021975,0.01));
#2894=CARTESIAN_POINT('',(0.025,-0.023,0.01));
#2895=CARTESIAN_POINT('',(0.025,-0.019,0.01));
#2896=CARTESIAN_POINT('',(0.025,-0.004,0.01));
#2897=CARTESIAN_POINT('',(0.002,-0.019,0.01));
#2898=CARTESIAN_POINT('',(0.006,-0.019,0.01));
#2899=CARTESIAN_POINT('',(0.006,0.,0.01));
#2900=CARTESIAN_POINT('',(0.006,-0.004,0.01));
#2901=CARTESIAN_POINT('',(0.002,-0.004,0.01));
#2902=CARTESIAN_POINT('',(0.,-0.023,0.));
#2903=CARTESIAN_POINT('',(0.006,-0.023,0.));
#2904=CARTESIAN_POINT('',(0.006,-0.019,0.));
#2905=CARTESIAN_POINT('',(0.006,-0.004,0.));
#2906=CARTESIAN_POINT('',(0.,-0.019,0.));
#2907=CARTESIAN_POINT('',(0.0225,-0.019,0.));
#2908=CARTESIAN_POINT('',(0.0225,-0.019,0.));
#2909=CARTESIAN_POINT('',(0.0225,-0.004,0.));
#2910=CARTESIAN_POINT('',(0.004,-0.004,0.));
#2911=CARTESIAN_POINT('',(0.,-0.023,0.));
#2912=CARTESIAN_POINT('',(0.,-0.021975,0.));
#2913=CARTESIAN_POINT('',(0.,-0.001025,0.));
#2914=CARTESIAN_POINT('',(0.,-0.001025,0.));
#2915=CARTESIAN_POINT('',(0.,-0.021975,0.));
#2916=CARTESIAN_POINT('',(0.,-0.023,0.));
#2917=CARTESIAN_POINT('',(0.,-0.001025,0.));
#2918=CARTESIAN_POINT('',(0.,-0.021975,0.));
#2919=CARTESIAN_POINT('',(0.004,-0.019,0.003));
#2920=CARTESIAN_POINT('',(0.004,0.,0.008));
#2921=CARTESIAN_POINT('',(0.004,-0.004,0.008));
#2922=CARTESIAN_POINT('',(0.004,-0.019,0.008));
#2923=CARTESIAN_POINT('',(0.004,-0.019,0.003));
#2924=CARTESIAN_POINT('',(0.004,-0.019,0.0065));
#2925=CARTESIAN_POINT('',(0.004,-0.023,0.0065));
#2926=CARTESIAN_POINT('',(0.004,-0.004,0.0065));
#2927=CARTESIAN_POINT('',(0.004,-0.004,0.003));
#2928=CARTESIAN_POINT('',(0.027,-0.023,0.008));
#2929=CARTESIAN_POINT('',(0.0225,-0.004,0.0125));
#2930=CARTESIAN_POINT('',(0.0265,-0.004,0.0085));
#2931=CARTESIAN_POINT('',(0.0265,-0.023,0.0085));
#2932=CARTESIAN_POINT('',(0.0265,-0.019,0.0085));
#2933=CARTESIAN_POINT('',(0.0225,-0.019,0.0125));
#2934=CARTESIAN_POINT('',(0.0265,-0.023,0.));
#2935=CARTESIAN_POINT('',(0.0265,-0.004,0.0015));
#2936=CARTESIAN_POINT('',(0.0265,-0.004,0.003));
#2937=CARTESIAN_POINT('',(0.0265,-0.021,0.003));
#2938=CARTESIAN_POINT('',(0.0265,-0.019,0.003));
#2939=CARTESIAN_POINT('',(0.0265,-0.019,0.0015));
#2940=CARTESIAN_POINT('',(0.,-0.023,0.0065));
#2941=CARTESIAN_POINT('',(0.002,-0.019,0.0065));
#2942=CARTESIAN_POINT('',(0.006,-0.019,0.0065));
#2943=CARTESIAN_POINT('',(0.006,-0.023,0.0065));
#2944=CARTESIAN_POINT('',(0.006,-0.004,0.0065));
#2945=CARTESIAN_POINT('',(0.002,-0.004,0.0065));
#2946=CARTESIAN_POINT('',(0.004,-0.019,0.003));
#2947=CARTESIAN_POINT('',(0.004,-0.004,0.003));
#2948=CARTESIAN_POINT('',(0.0225,-0.004,0.003));
#2949=CARTESIAN_POINT('',(0.0225,-0.019,0.003));
#2950=CARTESIAN_POINT('',(0.0225,-0.019,0.003));
#2951=CARTESIAN_POINT('',(0.004,-0.019,0.003));
#2952=CARTESIAN_POINT('',(0.004,0.,0.008));
#2953=CARTESIAN_POINT('',(0.00275,-0.019,0.00675));
#2954=CARTESIAN_POINT('',(0.00275,-0.004,0.00675));
#2955=CARTESIAN_POINT('',(0.004,-0.004,0.003));
#2956=CARTESIAN_POINT('',(0.0225,-0.004,0.003));
#2957=CARTESIAN_POINT('',(0.006,-0.004,0.));
#2958=CARTESIAN_POINT('',(0.0225,-0.019,0.));
#2959=CARTESIAN_POINT('',(0.0225,-0.019,0.));
#2960=CARTESIAN_POINT('',(0.004,-0.019,0.003));
#2961=CARTESIAN_POINT('',(0.006,-0.019,0.003));
#2962=CARTESIAN_POINT('',(0.006,-0.023,0.));
#2963=CARTESIAN_POINT('',(0.,-0.021975,0.));
#2964=CARTESIAN_POINT('',(0.,-0.001025,0.));
#2965=CARTESIAN_POINT('',(-0.0208718621653181,-0.00383230281719447,-0.0262626633591699));
#2966=CARTESIAN_POINT('',(-0.0208718621653181,0.0171176971828055,-0.0262626633591699));
#2967=CARTESIAN_POINT('',(0.,0.0016,0.));
#2968=CARTESIAN_POINT('',(-1.E-6,0.0016,0.));
#2969=CARTESIAN_POINT('',(-1.00000000000019E-6,0.0016,0.0091372583));
#2970=CARTESIAN_POINT('',(-1.E-6,0.0016,-0.0091372583));
#2971=CARTESIAN_POINT('',(-0.0004,0.0016,0.0091372583));
#2972=CARTESIAN_POINT('',(-0.0004,0.0016,0.0091372583));
#2973=CARTESIAN_POINT('',(-0.0004,0.0016,0.0091372583));
#2974=CARTESIAN_POINT('',(-0.001557716447,0.0016,0.0075));
#2975=CARTESIAN_POINT('',(-0.001557716447,0.0016,0.0075));
#2976=CARTESIAN_POINT('',(-0.0014,0.0016,0.0075));
#2977=CARTESIAN_POINT('',(-0.0014,0.0016,0.0075));
#2978=CARTESIAN_POINT('',(-0.0014,0.0016,-0.0075));
#2979=CARTESIAN_POINT('',(-0.0014,0.0016,-0.0075));
#2980=CARTESIAN_POINT('',(-0.001557716447,0.0016,-0.0075));
#2981=CARTESIAN_POINT('',(-0.001557716447,0.0016,-0.0075));
#2982=CARTESIAN_POINT('',(-0.0004,0.0016,-0.0091372583));
#2983=CARTESIAN_POINT('',(-0.0004,0.0016,-0.0091372583));
#2984=CARTESIAN_POINT('',(-0.0034,0.0041,0.005841687605));
#2985=CARTESIAN_POINT('',(0.00044437515,0.0041,0.005841687605));
#2986=CARTESIAN_POINT('',(-0.001848186497,0.00226595068,0.007056703281));
#2987=CARTESIAN_POINT('',(-0.002305624847,0.0019,0.005841687605));
#2988=CARTESIAN_POINT('',(-0.002305624847,0.0019,0.005841687605));
#2989=CARTESIAN_POINT('',(-0.00316862915,0.0019,0.005841687605));
#2990=CARTESIAN_POINT('',(-0.00536862915,0.0041,0.005841687605));
#2991=CARTESIAN_POINT('',(-0.00353457983,0.00226595068,0.007056703281));
#2992=CARTESIAN_POINT('',(-0.001848186497,0.00226595068,0.007056703281));
#2993=CARTESIAN_POINT('',(-0.0068,0.0019,0.));
#2994=CARTESIAN_POINT('',(-0.00316862915,0.0019,0.005841687605));
#2995=CARTESIAN_POINT('',(-0.00316862915,0.0019,-0.005841687605));
#2996=CARTESIAN_POINT('',(-0.002305624847,0.0019,-0.005841687605));
#2997=CARTESIAN_POINT('',(-0.002305624847,0.0019,-0.005841687605));
#2998=CARTESIAN_POINT('',(-0.00316862915,0.0019,-0.005841687605));
#2999=CARTESIAN_POINT('',(-0.0034,0.0041,-0.005841687605));
#3000=CARTESIAN_POINT('',(-0.00353457983,0.00226595068,-0.00705670328));
#3001=CARTESIAN_POINT('',(-0.00353457983,0.00226595068,-0.00705670328));
#3002=CARTESIAN_POINT('',(-0.001848186497,0.00226595068,-0.00705670328));
#3003=CARTESIAN_POINT('',(-0.00536862915,0.0041,-0.005841687605));
#3004=CARTESIAN_POINT('',(0.00044437515,0.0041,-0.005841687605));
#3005=CARTESIAN_POINT('',(-0.0068,0.0011,0.));
#3006=CARTESIAN_POINT('',(-0.0035,0.0011,0.005841687605));
#3007=CARTESIAN_POINT('',(-0.0035,0.0011,0.005841687605));
#3008=CARTESIAN_POINT('',(-0.0035,0.0011,-0.005841687605));
#3009=CARTESIAN_POINT('',(-0.0035,0.0011,-0.005841687605));
#3010=CARTESIAN_POINT('',(-0.002024999999,0.0011,-0.005841687605));
#3011=CARTESIAN_POINT('',(-0.002024999999,0.0011,-0.005841687605));
#3012=CARTESIAN_POINT('',(-0.002024999999,0.0011,0.005841687605));
#3013=CARTESIAN_POINT('',(-0.002024999999,0.0011,0.005841687605));
#3014=CARTESIAN_POINT('',(-0.003434314575,0.002165685425,0.));
#3015=CARTESIAN_POINT('',(-0.004,0.00273137085,0.));
#3016=CARTESIAN_POINT('',(-0.004,0.00273137085,-0.007581623382));
#3017=CARTESIAN_POINT('',(-0.004,0.00273137085,0.007581623382));
#3018=CARTESIAN_POINT('',(-0.003807608845,0.002538979695,0.007389232227));
#3019=CARTESIAN_POINT('',(-0.003807608845,0.002538979695,0.007389232227));
#3020=CARTESIAN_POINT('',(-0.005363243763,0.004094614613,0.005833597308));
#3021=CARTESIAN_POINT('',(-0.005363243763,0.004094614613,-0.005833597308));
#3022=CARTESIAN_POINT('',(-0.003807608845,0.002538979695,-0.007389232227));
#3023=CARTESIAN_POINT('',(-0.003807608845,0.002538979695,-0.007389232227));
#3024=CARTESIAN_POINT('',(0.,0.004574873734,0.009425126266));
#3025=CARTESIAN_POINT('',(-0.004,0.003031767463,0.007882019995));
#3026=CARTESIAN_POINT('',(-0.004,0.00303176746311866,0.00788201999488135));
#3027=CARTESIAN_POINT('',(-0.00119999145105214,0.00521937389712987,0.0100696264294794));
#3028=CARTESIAN_POINT('',(-0.00159289321935318,0.00512453742730871,0.0099747899593087));
#3029=CARTESIAN_POINT('',(-0.00116862915023006,0.00514027313622632,0.00999052566822635));
#3030=CARTESIAN_POINT('',(-0.00116862915,0.002538979695,0.007389232227));
#3031=CARTESIAN_POINT('',(-0.00116862915,0.002538979695,0.007389232227));
#3032=CARTESIAN_POINT('',(-0.003807608845,0.002538979695,0.007389232227));
#3033=CARTESIAN_POINT('',(-0.004,-0.009425126266,-0.004574873734));
#3034=CARTESIAN_POINT('',(0.,0.004009188309,0.009990811691));
#3035=CARTESIAN_POINT('',(-0.0015,0.00197329427,0.007954917652));
#3036=CARTESIAN_POINT('',(-0.0015,0.00197329427,0.007954917652));
#3037=CARTESIAN_POINT('',(-0.0015,0.004277874748,0.01025949813));
#3038=CARTESIAN_POINT('',(-0.0015,0.004277874748,0.01025949813));
#3039=CARTESIAN_POINT('',(-0.004,0.00232466068075398,0.00830628406260995));
#3040=CARTESIAN_POINT('',(-0.004,0.004009188309,0.009990811691));
#3041=CARTESIAN_POINT('',(-0.004,0.00197329426975,0.00795491765175));
#3042=CARTESIAN_POINT('',(-0.004,0.00197329427,0.007954917652));
#3043=CARTESIAN_POINT('',(0.,0.004094614613,0.005833597308));
#3044=CARTESIAN_POINT('',(-0.001557716447,0.0016,0.0075));
#3045=CARTESIAN_POINT('',(-0.004,0.0016,0.0075000000001053));
#3046=CARTESIAN_POINT('',(-0.004500000001,0.004094614613,0.005833597308));
#3047=CARTESIAN_POINT('',(-0.004,0.004094614613,0.005833597308));
#3048=CARTESIAN_POINT('',(-0.004,0.0016,0.));
#3049=CARTESIAN_POINT('',(-0.004,0.0016,0.));
#3050=CARTESIAN_POINT('',(-0.004,0.0016,-0.00750000000010532));
#3051=CARTESIAN_POINT('',(-0.0065,0.0041,-0.005841687605));
#3052=CARTESIAN_POINT('',(-0.0065,0.0041,0.005841687605));
#3053=CARTESIAN_POINT('',(0.,0.004009188309,-0.009990811691));
#3054=CARTESIAN_POINT('',(-0.004,0.004009188309,-0.009990811691));
#3055=CARTESIAN_POINT('',(-0.004,0.00197329426966666,-0.00795491765166667));
#3056=CARTESIAN_POINT('',(-0.004,0.00232466068188134,-0.00830628406378532));
#3057=CARTESIAN_POINT('',(-0.004,0.002324660682,-0.008306284064));
#3058=CARTESIAN_POINT('',(-0.0015,0.004277874748,-0.01025949813));
#3059=CARTESIAN_POINT('',(-0.0015,0.004277874748,-0.01025949813));
#3060=CARTESIAN_POINT('',(-0.0015,0.00197329427,-0.007954917652));
#3061=CARTESIAN_POINT('',(-0.0015,0.00197329427,-0.007954917652));
#3062=CARTESIAN_POINT('',(0.,0.004094614613,-0.005833597308));
#3063=CARTESIAN_POINT('',(-0.004500000001,0.004094614613,-0.005833597308));
#3064=CARTESIAN_POINT('',(-0.004,0.0016,-0.0075));
#3065=CARTESIAN_POINT('',(-0.004,0.004094614613,-0.005833597308));
#3066=CARTESIAN_POINT('',(0.,0.004574873734,-0.009425126266));
#3067=CARTESIAN_POINT('',(-0.00116862915,0.005140273136,-0.009990525668));
#3068=CARTESIAN_POINT('',(-0.00116862914947498,0.00514027313605773,-0.00999052566805773));
#3069=CARTESIAN_POINT('',(-0.00116862915,0.002538979695,-0.007389232227));
#3070=CARTESIAN_POINT('',(-0.00159289321935318,0.00512453742730871,-0.00997478995930871));
#3071=CARTESIAN_POINT('',(-0.00119999145061216,0.00521937389692566,-0.0100696264291587));
#3072=CARTESIAN_POINT('',(-0.00119999145,0.005219373897,-0.010069626429));
#3073=CARTESIAN_POINT('',(-0.004,0.0030317674620257,-0.00788201999366975));
#3074=CARTESIAN_POINT('',(-0.004,-0.009425126266,0.004574873734));
#3075=CARTESIAN_POINT('',(-0.00116862915,0.002538979695,-0.007389232227));
#3076=CARTESIAN_POINT('',(-0.00188499835163959,0.00490941892582357,0.00974657241914925));
#3077=CARTESIAN_POINT('',(-0.0013757359332959,0.00458709251418299,0.0101444518268494));
#3078=CARTESIAN_POINT('',(-0.00156043437417853,0.00458709251390092,0.0103808550535294));
#3079=CARTESIAN_POINT('',(-0.00152217649464143,0.00439551454563295,0.0103457756278982));
#3080=CARTESIAN_POINT('',(-0.00209713038570544,0.00475941892598914,0.0098965724189837));
#3081=CARTESIAN_POINT('',(-0.000422176495094842,0.00369929381697292,0.0112051898171455));
#3082=CARTESIAN_POINT('',(-0.00027573593383486,0.00389087178450846,0.0110038660149938));
#3083=CARTESIAN_POINT('',(-0.00046043437404553,0.0038908717838989,0.0112402692424318));
#3084=CARTESIAN_POINT('',(-0.00206969679331418,0.00490941892582357,0.0099829756442928));
#3085=CARTESIAN_POINT('',(-0.004759218107,0.001943626522,0.007500985835));
#3086=CARTESIAN_POINT('',(-0.0018,0.004255621094,0.009812980408));
#3087=CARTESIAN_POINT('',(-0.004,0.002681094955,0.008474857494));
#3088=CARTESIAN_POINT('',(-0.004,0.00268109495478192,0.00847485749377705));
#3089=CARTESIAN_POINT('',(-0.004,0.00253679271695042,0.0080941520299504));
#3090=CARTESIAN_POINT('',(-0.001113125111,0.005075109285,0.010349625886));
#3091=CARTESIAN_POINT('',(-0.004,0.00281963542654256,0.00809415202754255));
#3092=CARTESIAN_POINT('',(-0.004,0.00296393766617272,0.0084748574926691));
#3093=CARTESIAN_POINT('',(-0.001477591661,0.004934659046,0.010445578873));
#3094=CARTESIAN_POINT('',(-0.00147759166123047,0.00493465904596212,0.0104455788729517));
#3095=CARTESIAN_POINT('',(-0.00129289321885573,0.00493465904615326,0.010209175647251));
#3096=CARTESIAN_POINT('',(-0.00118944002924717,0.00486918063230268,0.0102900021373827));
#3097=CARTESIAN_POINT('',(-0.00137413847113768,0.00486918063230268,0.0105264053628026));
#3098=CARTESIAN_POINT('',(-0.000377591661788204,0.00423843831693522,0.0113049930619241));
#3099=CARTESIAN_POINT('',(-0.000192893221885392,0.00423843831749417,0.0110685898352764));
#3100=CARTESIAN_POINT('',(-9.9991450945496E-5,0.00452315316792566,0.0109290406181587));
#3101=CARTESIAN_POINT('',(-0.0004928932194946,0.0044283166974721,0.0108342041474721));
#3102=CARTESIAN_POINT('',(-6.86291506359999E-5,0.00444405240706865,0.0108499398572485));
#3103=CARTESIAN_POINT('',(-0.00097730799481896,0.00501918063239334,0.0101400021372921));
#3104=CARTESIAN_POINT('',(0.,0.004094614613,0.005833597308));
#3105=CARTESIAN_POINT('',(-0.001178317029,0.0024,0.007236551802));
#3106=CARTESIAN_POINT('',(-0.001178317029,0.0024,0.007236551802));
#3107=CARTESIAN_POINT('',(-0.001680624848,0.0024,0.007236551802));
#3108=CARTESIAN_POINT('',(0.000437643416,0.004094614613,0.005833597308));
#3109=CARTESIAN_POINT('',(-0.003368629151,0.004094614613,0.005833597308));
#3110=CARTESIAN_POINT('',(-0.001899756038,0.002224695047,-0.00375));
#3111=CARTESIAN_POINT('',(0.000437643416,0.004094614613,-0.005833597308));
#3112=CARTESIAN_POINT('',(-0.001680624848,0.0024,-0.007236551802));
#3113=CARTESIAN_POINT('',(-0.001680624848,0.0024,0.007236551802));
#3114=CARTESIAN_POINT('',(0.,0.004094614613,-0.005833597308));
#3115=CARTESIAN_POINT('',(-0.003368629151,0.004094614613,-0.005833597308));
#3116=CARTESIAN_POINT('',(-0.001178317029,0.0024,-0.007236551802));
#3117=CARTESIAN_POINT('',(-0.001178317029,0.0024,-0.007236551802));
#3118=CARTESIAN_POINT('',(-0.000934314575,0.004409188309,0.009590811691));
#3119=CARTESIAN_POINT('',(-6.862915E-5,0.004444052407,0.010849939857));
#3120=CARTESIAN_POINT('',(-6.862915E-5,0.0024,0.00880588745));
#3121=CARTESIAN_POINT('',(-6.862915E-5,0.0024,0.00880588745));
#3122=CARTESIAN_POINT('',(-0.0014,0.0016,-0.00375));
#3123=CARTESIAN_POINT('',(0.001724999996,0.0041,-0.005841687605));
#3124=CARTESIAN_POINT('',(0.001724999996,0.0041,0.005841687605));
#3125=CARTESIAN_POINT('',(-0.0034,0.0041,0.005841687605));
#3126=CARTESIAN_POINT('',(-0.0015,0.004009188309,0.009990811691));
#3127=CARTESIAN_POINT('',(-0.0004,0.003581654019,0.011118912319));
#3128=CARTESIAN_POINT('',(-0.00040000000021213,0.0035816540189325,0.0111189123189325));
#3129=CARTESIAN_POINT('',(-0.000700000000424265,0.00355940036809378,0.0106723945990937));
#3130=CARTESIAN_POINT('',(-0.0034,0.0041,-0.005841687605));
#3131=CARTESIAN_POINT('',(-0.001113125111,0.005075109285,-0.010349625886));
#3132=CARTESIAN_POINT('',(-0.004,0.00281963542654256,-0.00809415202754255));
#3133=CARTESIAN_POINT('',(-0.004,0.00296393766744858,-0.00847485749377706));
#3134=CARTESIAN_POINT('',(-0.00129289321885573,0.00493465904615325,-0.010209175647251));
#3135=CARTESIAN_POINT('',(-0.00147759166207337,0.00493465904671301,-0.010445578873713));
#3136=CARTESIAN_POINT('',(-0.004,0.002963937667,-0.008474857494));
#3137=CARTESIAN_POINT('',(-0.004,-0.014,0.));
#3138=CARTESIAN_POINT('',(-0.004,-0.028002,-0.008474857494));
#3139=CARTESIAN_POINT('',(-0.004,0.00268109495366756,-0.00847485749316391));
#3140=CARTESIAN_POINT('',(-0.004,0.00253679271695042,-0.00809415202995042));
#3141=CARTESIAN_POINT('',(-0.004,-0.028002,0.008474857494));
#3142=CARTESIAN_POINT('',(-0.004759218107,0.001943626522,-0.007500985835));
#3143=CARTESIAN_POINT('',(-0.001560434374,0.004587092513,-0.010380855053));
#3144=CARTESIAN_POINT('',(-0.00156043437408403,0.00458709251309375,-0.010380855052467));
#3145=CARTESIAN_POINT('',(-0.0013757359332959,0.00458709251418299,-0.0101444518268494));
#3146=CARTESIAN_POINT('',(-0.00152217649510017,0.00439551454602194,-0.0103457756277848));
#3147=CARTESIAN_POINT('',(-0.0018,0.004255621094,-0.009812980408));
#3148=CARTESIAN_POINT('',(-0.00188499835163959,0.00490941892582357,-0.00974657241914925));
#3149=CARTESIAN_POINT('',(-0.00206969679331418,0.00490941892582357,-0.00998297564429277));
#3150=CARTESIAN_POINT('',(-0.0004604343738566,0.00389087178414566,-0.0112402692414679));
#3151=CARTESIAN_POINT('',(-0.00027573593383486,0.00389087178450846,-0.0110038660149938));
#3152=CARTESIAN_POINT('',(-0.000422176495697646,0.00369929381735008,-0.0112051898173897));
#3153=CARTESIAN_POINT('',(-0.00209713038570544,0.00475941892598914,-0.00989657241898368));
#3154=CARTESIAN_POINT('',(-0.0015,0.004009188309,-0.009990811691));
#3155=CARTESIAN_POINT('',(-0.00070000000042426,0.00355940036809378,-0.0106723945990938));
#3156=CARTESIAN_POINT('',(-0.000400000000212132,0.00358165401883426,-0.0111189123188343));
#3157=CARTESIAN_POINT('',(-0.0004,0.0016,-0.0091372583));
#3158=CARTESIAN_POINT('',(-0.000934314575,0.004409188309,-0.009590811691));
#3159=CARTESIAN_POINT('',(-6.862915E-5,0.0024,-0.00880588745));
#3160=CARTESIAN_POINT('',(-6.862915E-5,0.0024,-0.00880588745));
#3161=CARTESIAN_POINT('',(-6.86291503067559E-5,0.00444405240730177,-0.0108499398573018));
#3162=CARTESIAN_POINT('',(-0.00097730799481896,0.00501918063239334,-0.0101400021372921));
#3163=CARTESIAN_POINT('',(-0.001178317029,0.0024,-0.007236551802));
#3164=CARTESIAN_POINT('',(-0.00118944002924717,0.00486918063230268,-0.0102900021373828));
#3165=CARTESIAN_POINT('',(-0.0004928932194946,0.0044283166974721,-0.0108342041474721));
#3166=CARTESIAN_POINT('',(-9.9991450493006E-5,0.00452315316770693,-0.0109290406177069));
#3167=CARTESIAN_POINT('',(-0.000192893221885394,0.00423843831749417,-0.0110685898352764));
#3168=CARTESIAN_POINT('',(-0.000377591661909914,0.00423843831705593,-0.0113049930620441));
#3169=CARTESIAN_POINT('',(-0.00137413847113768,0.00486918063230268,-0.0105264053628027));
#3170=CARTESIAN_POINT('',(-0.0068,0.00323137085,-0.01076862915));
#3171=CARTESIAN_POINT('',(-0.00352828583481522,0.00113756926587522,-0.00867482756573119));
#3172=CARTESIAN_POINT('',(-2.16840434497101E-19,0.00389416827195372,-0.0114314265718817));
#3173=CARTESIAN_POINT('',(0.,0.0016,-0.0091372583));
#3174=CARTESIAN_POINT('',(0.,0.0016,-0.0091372583));
#3175=CARTESIAN_POINT('',(-1.E-6,0.0016,-0.0091372583));
#3176=CARTESIAN_POINT('',(-0.0068,0.00323137085,0.01076862915));
#3177=CARTESIAN_POINT('',(0.,0.00389416827,0.01143142657));
#3178=CARTESIAN_POINT('',(0.,0.00389416827,0.01143142657));
#3179=CARTESIAN_POINT('',(0.,0.0016,0.0091372583));
#3180=CARTESIAN_POINT('',(-0.00352828583481522,0.00113756926587522,0.0086748275657312));
#3181=CARTESIAN_POINT('',(-1.E-6,0.0016,0.0091372583));
#3182=CARTESIAN_POINT('',(-0.004,-0.028002,-0.008474857494));
#3183=CARTESIAN_POINT('',(0.,0.014,-0.0115999999968141));
#3184=CARTESIAN_POINT('',(0.,0.00425060254367376,-0.0115999999993026));
#3185=CARTESIAN_POINT('',(0.,0.0045334452555521,-0.0116000000031656));
#3186=CARTESIAN_POINT('',(-0.00371298427608772,0.0013497013003032,-0.00869909875593207));
#3187=CARTESIAN_POINT('',(-0.00449614647875486,0.00102067064187906,-0.00808722538508117));
#3188=CARTESIAN_POINT('',(-0.00352828583481522,0.0013497013003032,-0.00846269553130321));
#3189=CARTESIAN_POINT('',(0.,0.00410630030641772,-0.0112192945374177));
#3190=CARTESIAN_POINT('',(-0.004,-0.028002,0.008474857494));
#3191=CARTESIAN_POINT('',(0.,-0.028002,0.0115999999968141));
#3192=CARTESIAN_POINT('',(-1.13216077138323E-13,0.00425060254262315,0.0116000000003667));
#3193=CARTESIAN_POINT('',(0.,0.00453344525544859,0.0116000000031656));
#3194=CARTESIAN_POINT('',(-0.00449614647875486,0.00102067064187906,0.00808722538508115));
#3195=CARTESIAN_POINT('',(-0.00371298427608772,0.0013497013003032,0.00869909875593205));
#3196=CARTESIAN_POINT('',(-0.0068,0.003797056275,-0.010202943725));
#3197=CARTESIAN_POINT('',(0.,0.0024,-0.00880588745));
#3198=CARTESIAN_POINT('',(0.,0.0024,-0.00880588745));
#3199=CARTESIAN_POINT('',(0.,0.00460127505111865,-0.0110071625008813));
#3200=CARTESIAN_POINT('',(-0.00431144803781578,0.00123280267630704,-0.00763869012645107));
#3201=CARTESIAN_POINT('',(-6.862915E-5,0.0024,-0.00880588745));
#3202=CARTESIAN_POINT('',(0.,0.0024,0.));
#3203=CARTESIAN_POINT('',(-6.862915E-5,0.0024,0.00880588745));
#3204=CARTESIAN_POINT('',(0.,0.0024,0.00880588745));
#3205=CARTESIAN_POINT('',(0.,0.0024,0.00880588745));
#3206=CARTESIAN_POINT('',(-0.0068,0.003797056275,0.010202943725));
#3207=CARTESIAN_POINT('',(-0.00431144803781578,0.00123280267630704,0.0076386901264511));
#3208=CARTESIAN_POINT('',(-4.33680868994202E-19,0.00460127505425621,0.0110071625043282));
#3209=CARTESIAN_POINT('',(0.,0.004601275051,0.011007162501));
#3210=CARTESIAN_POINT('',(-0.00431144803781578,0.00102067064187906,0.00785082216087905));
#3211=CARTESIAN_POINT('',(0.,0.00438914301979221,0.0112192945387922));
#3212=CARTESIAN_POINT('',(-0.00431144803781578,0.00102067064187906,-0.00785082216087906));
#3213=CARTESIAN_POINT('',(0.,0.00438914301979221,-0.0112192945387922));
#3214=CARTESIAN_POINT('',(-0.00352828583481522,0.0013497013003032,0.0084626955313032));
#3215=CARTESIAN_POINT('',(0.,0.00410630030641772,0.0112192945374177));
#3216=CARTESIAN_POINT('',(0.,0.014,0.));
#3217=CARTESIAN_POINT('',(0.,8.67361737988404E-19,0.0091372583));
#3218=CARTESIAN_POINT('',(0.,-0.0016,0.0091372583));
#3219=CARTESIAN_POINT('',(0.,-0.0016,0.0091372583));
#3220=CARTESIAN_POINT('',(2.303799512271E-14,-0.0038941682698666,0.0114314265701039));
#3221=CARTESIAN_POINT('',(0.,-0.0041063003064177,0.0112192945374177));
#3222=CARTESIAN_POINT('',(0.,-0.0042506025427819,0.0116000000004437));
#3223=CARTESIAN_POINT('',(0.,-0.004533445255,0.0116));
#3224=CARTESIAN_POINT('',(-5.96400099445171E-14,-0.0045334452554891,0.0116000000004091));
#3225=CARTESIAN_POINT('',(0.,-0.00438914301274555,0.0112192945317455));
#3226=CARTESIAN_POINT('',(0.,-0.00460127505116665,0.0110071625011666));
#3227=CARTESIAN_POINT('',(0.,-0.0024,0.00880588745));
#3228=CARTESIAN_POINT('',(0.,-0.0024,0.00880588745));
#3229=CARTESIAN_POINT('',(0.,-0.0024,-0.00880588745));
#3230=CARTESIAN_POINT('',(0.,-0.0024,-0.00880588745));
#3231=CARTESIAN_POINT('',(0.,-0.004601275051,-0.011007162501));
#3232=CARTESIAN_POINT('',(0.,-0.0046012750512573,-0.0110071625012573));
#3233=CARTESIAN_POINT('',(0.,-0.00438914301274555,-0.0112192945317455));
#3234=CARTESIAN_POINT('',(0.,-0.0045334452554486,-0.0115999999997771));
#3235=CARTESIAN_POINT('',(0.,-0.004533445255,-0.0116));
#3236=CARTESIAN_POINT('',(0.,-0.0042506025426865,-0.0116000000001828));
#3237=CARTESIAN_POINT('',(0.,-0.0041063003064177,-0.0112192945374177));
#3238=CARTESIAN_POINT('',(0.,-0.00389416826966665,-0.0114314265696667));
#3239=CARTESIAN_POINT('',(0.,-0.00389416827,-0.01143142657));
#3240=CARTESIAN_POINT('',(0.,-0.0016,-0.0091372583));
#3241=CARTESIAN_POINT('',(0.,8.67361737988404E-19,-0.0091372583));
#3242=CARTESIAN_POINT('',(-0.001113125111,-0.005075109285,0.010349625886));
#3243=CARTESIAN_POINT('',(-0.00129289321885573,-0.00493465904615325,0.010209175647251));
#3244=CARTESIAN_POINT('',(-0.00119999145061216,-0.00521937389692565,0.0100696264291587));
#3245=CARTESIAN_POINT('',(-0.00147759166207337,-0.004934659046713,0.010445578873713));
#3246=CARTESIAN_POINT('',(-0.004,-0.002963937667,0.008474857494));
#3247=CARTESIAN_POINT('',(-0.004,-0.002963937667,0.008474857494));
#3248=CARTESIAN_POINT('',(-0.004,-0.002819635429,0.008094152029));
#3249=CARTESIAN_POINT('',(-0.004,-0.003031767463,0.007882019995));
#3250=CARTESIAN_POINT('',(-0.00119999145,-0.005219373897,0.010069626429));
#3251=CARTESIAN_POINT('',(-0.00118944002924717,-0.0048691806323027,0.0102900021373827));
#3252=CARTESIAN_POINT('',(-0.00019289321708197,-0.00423843831553585,0.0110685898355059));
#3253=CARTESIAN_POINT('',(-9.9991450493006E-5,-0.00452315316770695,0.0109290406177069));
#3254=CARTESIAN_POINT('',(-0.000377591661909914,-0.00423843831705595,0.0113049930620441));
#3255=CARTESIAN_POINT('',(-0.00137413847113768,-0.0048691806323027,0.0105264053628026));
#3256=CARTESIAN_POINT('',(-0.00159289321935318,-0.0051245374273087,0.0099747899593087));
#3257=CARTESIAN_POINT('',(-0.00116862914947497,-0.00514027313605775,0.00999052566805775));
#3258=CARTESIAN_POINT('',(-0.00097730799481896,-0.00501918063239335,0.0101400021372921));
#3259=CARTESIAN_POINT('',(-6.86291503067559E-5,-0.00444405240730175,0.0108499398573017));
#3260=CARTESIAN_POINT('',(-0.0004928932194946,-0.0044283166974721,0.0108342041474721));
#3261=CARTESIAN_POINT('',(0.00554039825493478,-0.008717776529999,0.015547928048999));
#3262=CARTESIAN_POINT('',(0.00535569981228637,-0.008717776529999,0.015784331275389));
#3263=CARTESIAN_POINT('',(0.00554039825493478,-0.008929908564427,0.015335796014571));
#3264=CARTESIAN_POINT('',(0.00554039825493478,-0.008717776529999,-0.015547928048999));
#3265=CARTESIAN_POINT('',(0.00554039825493478,-0.008929908564427,-0.015335796014571));
#3266=CARTESIAN_POINT('',(-9.9991450945496E-5,-0.00452315316792565,-0.0109290406181587));
#3267=CARTESIAN_POINT('',(-0.000192893217081972,-0.00423843831553585,-0.0110685898355059));
#3268=CARTESIAN_POINT('',(-0.000377591661788204,-0.0042384383169352,-0.0113049930619241));
#3269=CARTESIAN_POINT('',(0.00535569981228637,-0.008717776529999,-0.015784331275389));
#3270=CARTESIAN_POINT('',(-0.00118944002924717,-0.0048691806323027,-0.0102900021373828));
#3271=CARTESIAN_POINT('',(-0.00129289321885573,-0.00493465904615325,-0.010209175647251));
#3272=CARTESIAN_POINT('',(-0.00119999145105214,-0.00521937389712985,-0.0100696264294794));
#3273=CARTESIAN_POINT('',(-0.00147759166123047,-0.00493465904596215,-0.0104455788729518));
#3274=CARTESIAN_POINT('',(-0.00137413847113768,-0.0048691806323027,-0.0105264053628027));
#3275=CARTESIAN_POINT('',(-0.0004928932194946,-0.0044283166974721,-0.0108342041474721));
#3276=CARTESIAN_POINT('',(-6.8629150635998E-5,-0.00444405240706865,-0.0108499398572485));
#3277=CARTESIAN_POINT('',(-0.00097730799481896,-0.00501918063239335,-0.0101400021372921));
#3278=CARTESIAN_POINT('',(-0.00116862915023006,-0.00514027313622635,-0.00999052566822632));
#3279=CARTESIAN_POINT('',(-0.00159289321935318,-0.0051245374273087,-0.0099747899593087));
#3280=CARTESIAN_POINT('',(-0.001113125111,-0.005075109285,-0.010349625886));
#3281=CARTESIAN_POINT('',(-0.004,-0.002819635429,-0.008094152029));
#3282=CARTESIAN_POINT('',(-0.004,-0.002963937667,-0.008474857494));
#3283=CARTESIAN_POINT('',(-0.004,-0.003031767463,-0.007882019995));
#3284=CARTESIAN_POINT('',(-0.001477591661,-0.004934659046,-0.010445578873));
#3285=CARTESIAN_POINT('',(-0.004,-0.003031767463,-0.007882019995));
#3286=CARTESIAN_POINT('',(0.005092628175,-0.009640732417,0.01519809173));
#3287=CARTESIAN_POINT('',(-0.0018,-0.004255621094,0.009812980408));
#3288=CARTESIAN_POINT('',(-0.0015,-0.004277874748,0.01025949813));
#3289=CARTESIAN_POINT('',(-0.00152217649509484,-0.00439551454597295,0.0103457756281455));
#3290=CARTESIAN_POINT('',(-0.004,-0.002324660682,0.008306284064));
#3291=CARTESIAN_POINT('',(-0.004,-0.002324660682,0.008306284064));
#3292=CARTESIAN_POINT('',(-0.004,-0.002536792716,0.008094152029));
#3293=CARTESIAN_POINT('',(-0.004,-0.002681094955,0.008474857494));
#3294=CARTESIAN_POINT('',(-0.001560434374,-0.004587092513,0.010380855053));
#3295=CARTESIAN_POINT('',(-0.00156043437358174,-0.0045870925130715,0.0103808550527036));
#3296=CARTESIAN_POINT('',(-0.00137573593164608,-0.00458709251090265,0.0101444518276275));
#3297=CARTESIAN_POINT('',(-0.0106987575907461,-0.0104878933678021,0.0028605090232487));
#3298=CARTESIAN_POINT('',(-0.0109108896229968,-0.0103378933692512,0.0030105090217996));
#3299=CARTESIAN_POINT('',(-0.00042217649544955,-0.00369929381719305,0.0112051898175835));
#3300=CARTESIAN_POINT('',(-0.0108834560309592,-0.0104878933678021,0.00309691224652156));
#3301=CARTESIAN_POINT('',(-0.00046043437366254,-0.0038908717842851,0.0112402692419136));
#3302=CARTESIAN_POINT('',(-0.000275735936988466,-0.00389087178318645,0.0110038660155424));
#3303=CARTESIAN_POINT('',(-0.00352828583481522,-0.0013497013003032,0.0084626955313032));
#3304=CARTESIAN_POINT('',(-0.00352828583481522,-0.00113756926587525,0.0086748275657312));
#3305=CARTESIAN_POINT('',(-0.00040000000021213,-0.00358165401883425,0.0111189123188342));
#3306=CARTESIAN_POINT('',(-0.000700000000424265,-0.00355940036809376,0.0106723945990937));
#3307=CARTESIAN_POINT('',(-0.00371298427608772,-0.0013497013003032,0.00869909875593205));
#3308=CARTESIAN_POINT('',(-0.00352828583481522,-0.0013497013003032,-0.00846269553130321));
#3309=CARTESIAN_POINT('',(-0.00371298427608772,-0.0013497013003032,-0.00869909875593207));
#3310=CARTESIAN_POINT('',(-0.000460434374077495,-0.003890871783951,-0.0112402692418403));
#3311=CARTESIAN_POINT('',(-0.00027573593698846,-0.00389087178318645,-0.0110038660155424));
#3312=CARTESIAN_POINT('',(-0.00042217649510017,-0.00369929381702195,-0.0112051898167848));
#3313=CARTESIAN_POINT('',(-0.000700000000424265,-0.00355940036809376,-0.0106723945990938));
#3314=CARTESIAN_POINT('',(-0.000400000000212132,-0.0035816540189325,-0.0111189123189325));
#3315=CARTESIAN_POINT('',(-0.00352828583481522,-0.00113756926587525,-0.00867482756573119));
#3316=CARTESIAN_POINT('',(-0.0106987575907461,-0.0104878933678021,-0.00286050902324868));
#3317=CARTESIAN_POINT('',(-0.00137573593164608,-0.00458709251090265,-0.0101444518276276));
#3318=CARTESIAN_POINT('',(-0.00156043437469155,-0.00458709251418365,-0.010380855052178));
#3319=CARTESIAN_POINT('',(-0.00152217649464143,-0.00439551454563295,-0.0103457756275649));
#3320=CARTESIAN_POINT('',(-0.0109108896229968,-0.0103378933692512,-0.0030105090217996));
#3321=CARTESIAN_POINT('',(-0.0108834560309592,-0.0104878933678021,-0.00309691224652156));
#3322=CARTESIAN_POINT('',(0.005092628175,-0.009640732417,-0.01519809173));
#3323=CARTESIAN_POINT('',(-0.0015,-0.004277874748,-0.01025949813));
#3324=CARTESIAN_POINT('',(-0.0015,-0.004277874748,-0.01025949813));
#3325=CARTESIAN_POINT('',(-0.004,-0.002324660682,-0.008306284064));
#3326=CARTESIAN_POINT('',(-0.0018,-0.004255621094,-0.009812980408));
#3327=CARTESIAN_POINT('',(-0.004,-0.002681094955,-0.008474857494));
#3328=CARTESIAN_POINT('',(-0.004,-0.002681094955,-0.008474857494));
#3329=CARTESIAN_POINT('',(-0.004,-0.002536792716,-0.008094152029));
#3330=CARTESIAN_POINT('',(-0.004,-0.028002,0.008474857494));
#3331=CARTESIAN_POINT('',(-0.004,-0.002681094955,0.008474857494));
#3332=CARTESIAN_POINT('',(-0.004,-0.028002,-0.008474857494));
#3333=CARTESIAN_POINT('',(-0.004,-0.002963937667,-0.008474857494));
#3334=CARTESIAN_POINT('',(0.,-0.004094614613,-0.005833597308));
#3335=CARTESIAN_POINT('',(-0.001178317029,-0.0024,-0.007236551802));
#3336=CARTESIAN_POINT('',(-0.001178317029,-0.0024,-0.007236551802));
#3337=CARTESIAN_POINT('',(-0.001680624848,-0.0024,-0.007236551802));
#3338=CARTESIAN_POINT('',(0.000437643416,-0.004094614613,-0.005833597308));
#3339=CARTESIAN_POINT('',(-0.001848186497,-0.00226595068,-0.00705670328));
#3340=CARTESIAN_POINT('',(-0.00353457983,-0.00226595068,-0.00705670328));
#3341=CARTESIAN_POINT('',(-0.00353457983,-0.00226595068,-0.00705670328));
#3342=CARTESIAN_POINT('',(-0.005363243763,-0.004094614613,-0.005833597308));
#3343=CARTESIAN_POINT('',(-0.003807608845,-0.002538979695,-0.007389232227));
#3344=CARTESIAN_POINT('',(-0.003807608845,-0.002538979695,-0.007389232227));
#3345=CARTESIAN_POINT('',(-0.00116862915,-0.002538979695,-0.007389232227));
#3346=CARTESIAN_POINT('',(-0.003368629151,-0.004094614613,-0.005833597308));
#3347=CARTESIAN_POINT('',(-0.0034,-0.0041,-0.005841687605));
#3348=CARTESIAN_POINT('',(0.00044437515,-0.0041,-0.005841687605));
#3349=CARTESIAN_POINT('',(-0.002305624847,-0.0019,-0.005841687605));
#3350=CARTESIAN_POINT('',(-0.002305624847,-0.0019,-0.005841687605));
#3351=CARTESIAN_POINT('',(-0.00316862915,-0.0019,-0.005841687605));
#3352=CARTESIAN_POINT('',(-0.00536862915,-0.0041,-0.005841687605));
#3353=CARTESIAN_POINT('',(-0.0034,-0.0041,0.005841687605));
#3354=CARTESIAN_POINT('',(-0.00353457983,-0.00226595068,0.007056703281));
#3355=CARTESIAN_POINT('',(-0.00353457983,-0.00226595068,0.007056703281));
#3356=CARTESIAN_POINT('',(-0.001848186497,-0.00226595068,0.007056703281));
#3357=CARTESIAN_POINT('',(-0.00536862915,-0.0041,0.005841687605));
#3358=CARTESIAN_POINT('',(-0.00316862915,-0.0019,0.005841687605));
#3359=CARTESIAN_POINT('',(-0.00316862915,-0.0019,0.005841687605));
#3360=CARTESIAN_POINT('',(-0.002305624847,-0.0019,0.005841687605));
#3361=CARTESIAN_POINT('',(0.00044437515,-0.0041,0.005841687605));
#3362=CARTESIAN_POINT('',(0.,-0.004094614613,0.005833597308));
#3363=CARTESIAN_POINT('',(-0.003368629151,-0.004094614613,0.005833597308));
#3364=CARTESIAN_POINT('',(-0.001178317029,-0.0024,0.007236551802));
#3365=CARTESIAN_POINT('',(-0.00116862915,-0.002538979695,0.007389232227));
#3366=CARTESIAN_POINT('',(-0.00116862915,-0.002538979695,0.007389232227));
#3367=CARTESIAN_POINT('',(-0.003807608845,-0.002538979695,0.007389232227));
#3368=CARTESIAN_POINT('',(-0.005363243763,-0.004094614613,0.005833597308));
#3369=CARTESIAN_POINT('',(0.000437643416,-0.004094614613,0.005833597308));
#3370=CARTESIAN_POINT('',(-0.001680624848,-0.0024,0.007236551802));
#3371=CARTESIAN_POINT('',(-0.001178317029,-0.0024,0.007236551802));
#3372=CARTESIAN_POINT('',(-0.003434314575,-0.002165685425,0.));
#3373=CARTESIAN_POINT('',(-0.004,-0.00273137085,0.007581623382));
#3374=CARTESIAN_POINT('',(-0.004,-0.00273137085,0.007581623382));
#3375=CARTESIAN_POINT('',(-0.004,-0.00273137085,-0.007581623382));
#3376=CARTESIAN_POINT('',(-0.003807608845,-0.002538979695,-0.007389232227));
#3377=CARTESIAN_POINT('',(-0.00316862915,-0.0019,-0.005841687605));
#3378=CARTESIAN_POINT('',(-0.003807608845,-0.002538979695,0.007389232227));
#3379=CARTESIAN_POINT('',(-0.001899756038,-0.002224695047,0.00375));
#3380=CARTESIAN_POINT('',(-0.002305624847,-0.0019,0.005841687605));
#3381=CARTESIAN_POINT('',(-0.001680624848,-0.0024,-0.007236551802));
#3382=CARTESIAN_POINT('',(-0.0068,-0.0019,0.));
#3383=CARTESIAN_POINT('',(0.,-0.0024,0.));
#3384=CARTESIAN_POINT('',(-6.862915E-5,-0.0024,-0.00880588745));
#3385=CARTESIAN_POINT('',(-6.862915E-5,-0.0024,-0.00880588745));
#3386=CARTESIAN_POINT('',(-6.862915E-5,-0.0024,-0.00880588745));
#3387=CARTESIAN_POINT('',(-6.862915E-5,-0.0024,0.00880588745));
#3388=CARTESIAN_POINT('',(-6.862915E-5,-0.0024,0.00880588745));
#3389=CARTESIAN_POINT('',(-0.001178317029,-0.0024,0.007236551802));
#3390=CARTESIAN_POINT('',(0.,-0.004094614613,-0.005833597308));
#3391=CARTESIAN_POINT('',(-0.004500000001,-0.004094614613,-0.005833597308));
#3392=CARTESIAN_POINT('',(-0.0015,-0.00197329427,-0.007954917652));
#3393=CARTESIAN_POINT('',(-0.001557716447,-0.0016,-0.0075));
#3394=CARTESIAN_POINT('',(-0.004,-0.00197329427,-0.007954917652));
#3395=CARTESIAN_POINT('',(-0.004,-0.00197329427,-0.007954917652));
#3396=CARTESIAN_POINT('',(-0.004,-0.004094614613,-0.005833597308));
#3397=CARTESIAN_POINT('',(-0.004,-0.0016,-0.0075));
#3398=CARTESIAN_POINT('',(-0.004,-0.0016,-0.0075));
#3399=CARTESIAN_POINT('',(-0.0034,-0.0041,-0.005841687605));
#3400=CARTESIAN_POINT('',(0.001724999996,-0.0041,-0.005841687605));
#3401=CARTESIAN_POINT('',(-0.0014,-0.0016,-0.0075));
#3402=CARTESIAN_POINT('',(-0.002024999999,-0.0011,-0.005841687605));
#3403=CARTESIAN_POINT('',(-0.001557716447,-0.0016,-0.0075));
#3404=CARTESIAN_POINT('',(-0.0065,-0.0041,-0.005841687605));
#3405=CARTESIAN_POINT('',(-0.0035,-0.0011,-0.005841687605));
#3406=CARTESIAN_POINT('',(-0.002024999999,-0.0011,-0.005841687605));
#3407=CARTESIAN_POINT('',(-0.0034,-0.0041,0.005841687605));
#3408=CARTESIAN_POINT('',(-0.004,-0.0016,0.0075));
#3409=CARTESIAN_POINT('',(-0.004,-0.0016,0.0075));
#3410=CARTESIAN_POINT('',(-0.001557716447,-0.0016,0.0075));
#3411=CARTESIAN_POINT('',(-0.0014,-0.0016,0.0075));
#3412=CARTESIAN_POINT('',(-0.0014,-0.0016,0.0075));
#3413=CARTESIAN_POINT('',(0.001724999996,-0.0041,0.005841687605));
#3414=CARTESIAN_POINT('',(-0.002024999999,-0.0011,0.005841687605));
#3415=CARTESIAN_POINT('',(-0.0035,-0.0011,0.005841687605));
#3416=CARTESIAN_POINT('',(-0.0035,-0.0011,0.005841687605));
#3417=CARTESIAN_POINT('',(-0.0065,-0.0041,0.005841687605));
#3418=CARTESIAN_POINT('',(0.,-0.004094614613,0.005833597308));
#3419=CARTESIAN_POINT('',(-0.0015,-0.00197329427,0.007954917652));
#3420=CARTESIAN_POINT('',(-0.0015,-0.00197329427,0.007954917652));
#3421=CARTESIAN_POINT('',(-0.004,-0.00197329427,0.007954917652));
#3422=CARTESIAN_POINT('',(-0.004500000001,-0.004094614613,0.005833597308));
#3423=CARTESIAN_POINT('',(-0.004,-0.004094614613,0.005833597308));
#3424=CARTESIAN_POINT('',(-0.004,-0.0016,0.));
#3425=CARTESIAN_POINT('',(-0.004,-0.0016,0.0075));
#3426=CARTESIAN_POINT('',(-0.0035,-0.0011,-0.005841687605));
#3427=CARTESIAN_POINT('',(-0.0014,-0.0016,0.00375));
#3428=CARTESIAN_POINT('',(-0.002024999999,-0.0011,0.005841687605));
#3429=CARTESIAN_POINT('',(-0.0014,-0.0016,-0.0075));
#3430=CARTESIAN_POINT('',(-0.0068,-0.0011,0.));
#3431=CARTESIAN_POINT('',(0.,-0.0016,0.));
#3432=CARTESIAN_POINT('',(-0.0004,-0.0016,0.0091372583));
#3433=CARTESIAN_POINT('',(-0.0004,-0.0016,0.0091372583));
#3434=CARTESIAN_POINT('',(-1.E-6,-0.0016,0.0091372583));
#3435=CARTESIAN_POINT('',(-1.E-6,-0.0016,0.));
#3436=CARTESIAN_POINT('',(-1.00000000000019E-6,-0.0016,-0.0091372583));
#3437=CARTESIAN_POINT('',(-0.0004,-0.0016,-0.0091372583));
#3438=CARTESIAN_POINT('',(-0.0004,-0.0016,-0.0091372583));
#3439=CARTESIAN_POINT('',(-0.0004,-0.0016,-0.0091372583));
#3440=CARTESIAN_POINT('',(-0.001557716447,-0.0016,0.0075));
#3441=CARTESIAN_POINT('',(-0.0068,-0.003797056275,-0.010202943725));
#3442=CARTESIAN_POINT('',(-6.862915E-5,-0.004444052407,-0.010849939857));
#3443=CARTESIAN_POINT('',(0.,-0.004574873734,-0.009425126266));
#3444=CARTESIAN_POINT('',(-0.00116862915,-0.002538979695,-0.007389232227));
#3445=CARTESIAN_POINT('',(-0.004,-0.003031767463,-0.007882019995));
#3446=CARTESIAN_POINT('',(-0.000934314575,-0.004409188309,-0.009590811691));
#3447=CARTESIAN_POINT('',(-0.0015,-0.004009188309,-0.009990811691));
#3448=CARTESIAN_POINT('',(-0.0004,-0.003581654019,-0.011118912319));
#3449=CARTESIAN_POINT('',(-0.0015,-0.00197329427,-0.007954917652));
#3450=CARTESIAN_POINT('',(-0.0068,-0.00323137085,-0.01076862915));
#3451=CARTESIAN_POINT('',(-1.E-6,-0.0016,-0.0091372583));
#3452=CARTESIAN_POINT('',(0.,-0.004009188309,-0.009990811691));
#3453=CARTESIAN_POINT('',(-0.004,-0.002324660682,-0.008306284064));
#3454=CARTESIAN_POINT('',(-0.0068,-0.003797056275,0.010202943725));
#3455=CARTESIAN_POINT('',(-6.862915E-5,-0.0024,0.00880588745));
#3456=CARTESIAN_POINT('',(0.,-0.004574873734,0.009425126266));
#3457=CARTESIAN_POINT('',(-0.004,-0.00273137085,0.007581623382));
#3458=CARTESIAN_POINT('',(-0.00116862915,-0.005140273136,0.009990525668));
#3459=CARTESIAN_POINT('',(-0.000934314575,-0.004409188309,0.009590811691));
#3460=CARTESIAN_POINT('',(-0.0015,-0.004009188309,0.009990811691));
#3461=CARTESIAN_POINT('',(-0.0004,-0.0016,0.0091372583));
#3462=CARTESIAN_POINT('',(-0.0015,-0.004277874748,0.01025949813));
#3463=CARTESIAN_POINT('',(-0.0068,-0.00323137085,0.01076862915));
#3464=CARTESIAN_POINT('',(-1.E-6,-0.0016,0.0091372583));
#3465=CARTESIAN_POINT('',(0.,-0.004009188309,0.009990811691));
#3466=CARTESIAN_POINT('',(-0.004,-0.00197329427,0.007954917652));
#3467=CARTESIAN_POINT('',(-0.004,-0.014,0.));
#3468=CARTESIAN_POINT('',(-1.E-6,8.67361737988404E-19,0.0091372583));
#3469=CARTESIAN_POINT('',(-1.E-6,8.67361737988404E-19,0.0091372583));
#3470=CARTESIAN_POINT('',(-1.E-6,8.67361737988404E-19,-0.0091372583));
#3471=CARTESIAN_POINT('',(-1.E-6,8.67361737988404E-19,-0.0091372583));
#3472=CARTESIAN_POINT('',(-1.E-6,8.67361737988404E-19,0.));
#3473=CARTESIAN_POINT('',(0.00962813783468196,0.00219269444209218,-0.0212626645018194));
#3474=CARTESIAN_POINT('',(-0.0208718621653181,-0.0247823028171945,-0.0262626633591699));
#3475=CARTESIAN_POINT('',(0.00962813783468196,-0.0258073055579078,-0.0212626645018194));
#3476=CARTESIAN_POINT('',(-0.0208718621653181,-0.0457323028171945,-0.0262626633591699));
#3477=CARTESIAN_POINT('',(0.00962813783468196,-0.0538073055579078,-0.0212626645018194));
#3478=MECHANICAL_DESIGN_GEOMETRIC_PRESENTATION_REPRESENTATION('',(#2050,
#2051),#3479);
#3479=(
GEOMETRIC_REPRESENTATION_CONTEXT(3)
GLOBAL_UNCERTAINTY_ASSIGNED_CONTEXT((#3482))
GLOBAL_UNIT_ASSIGNED_CONTEXT((#3487,#3486,#3485))
REPRESENTATION_CONTEXT('Assembly 1','TOP_LEVEL_ASSEMBLY_PART')
);
#3480=(
GEOMETRIC_REPRESENTATION_CONTEXT(3)
GLOBAL_UNCERTAINTY_ASSIGNED_CONTEXT((#3483))
GLOBAL_UNIT_ASSIGNED_CONTEXT((#3487,#3486,#3485))
REPRESENTATION_CONTEXT('Group001','COMPONENT_PART')
);
#3481=(
GEOMETRIC_REPRESENTATION_CONTEXT(3)
GLOBAL_UNCERTAINTY_ASSIGNED_CONTEXT((#3484))
GLOBAL_UNIT_ASSIGNED_CONTEXT((#3487,#3486,#3485))
REPRESENTATION_CONTEXT('openGrid Minimal Hook','COMPONENT_PART')
);
#3482=UNCERTAINTY_MEASURE_WITH_UNIT(LENGTH_MEASURE(1.E-8),#3487,
'DISTANCE_ACCURACY_VALUE','Maximum Tolerance applied to model');
#3483=UNCERTAINTY_MEASURE_WITH_UNIT(LENGTH_MEASURE(1.E-6),#3487,
'DISTANCE_ACCURACY_VALUE','Maximum Tolerance applied to model');
#3484=UNCERTAINTY_MEASURE_WITH_UNIT(LENGTH_MEASURE(1.E-6),#3487,
'DISTANCE_ACCURACY_VALUE','Maximum Tolerance applied to model');
#3485=(
NAMED_UNIT(*)
SI_UNIT($,.STERADIAN.)
SOLID_ANGLE_UNIT()
);
#3486=(
NAMED_UNIT(*)
PLANE_ANGLE_UNIT()
SI_UNIT($,.RADIAN.)
);
#3487=(
LENGTH_UNIT()
NAMED_UNIT(*)
SI_UNIT($,.METRE.)
);
#3488=PRODUCT_DEFINITION_SHAPE('','',#3498);
#3489=PRODUCT_DEFINITION_SHAPE('','',#3499);
#3490=PRODUCT_DEFINITION_SHAPE(' ','NAUO PRDDFN',#141);
#3491=PRODUCT_DEFINITION_SHAPE(' ','NAUO PRDDFN',#142);
#3492=PRODUCT_DEFINITION_SHAPE('','',#3500);
#3493=PRODUCT_DEFINITION_SHAPE(' ','NAUO PRDDFN',#143);
#3494=PRODUCT_DEFINITION_SHAPE(' ','NAUO PRDDFN',#144);
#3495=PRODUCT_DEFINITION_SHAPE(' ','NAUO PRDDFN',#145);
#3496=PRODUCT_DEFINITION_SHAPE(' ','NAUO PRDDFN',#146);
#3497=PRODUCT_DEFINITION_SHAPE(' ','NAUO PRDDFN',#147);
#3498=PRODUCT_DEFINITION('','',#3504,#3501);
#3499=PRODUCT_DEFINITION('','',#3505,#3502);
#3500=PRODUCT_DEFINITION('','',#3506,#3503);
#3501=PRODUCT_DEFINITION_CONTEXT('',#3520,'design');
#3502=PRODUCT_DEFINITION_CONTEXT('',#3520,'design');
#3503=PRODUCT_DEFINITION_CONTEXT('',#3520,'design');
#3504=PRODUCT_DEFINITION_FORMATION_WITH_SPECIFIED_SOURCE('','',#3510,
 .NOT_KNOWN.);
#3505=PRODUCT_DEFINITION_FORMATION_WITH_SPECIFIED_SOURCE('','',#3511,
 .NOT_KNOWN.);
#3506=PRODUCT_DEFINITION_FORMATION_WITH_SPECIFIED_SOURCE('','',#3512,
 .NOT_KNOWN.);
#3507=PRODUCT_RELATED_PRODUCT_CATEGORY('','',(#3510));
#3508=PRODUCT_RELATED_PRODUCT_CATEGORY('','',(#3511));
#3509=PRODUCT_RELATED_PRODUCT_CATEGORY('','',(#3512));
#3510=PRODUCT('Assembly 1','Assembly 1','Assembly 1',(#3516));
#3511=PRODUCT('Group001','Group001','Group001',(#3517));
#3512=PRODUCT('openGrid Minimal Hook','openGrid Minimal Hook',
'openGrid Minimal Hook',(#3518));
#3513=PRODUCT_CATEGORY('','');
#3514=PRODUCT_CATEGORY('','');
#3515=PRODUCT_CATEGORY('','');
#3516=PRODUCT_CONTEXT('',#3520,'mechanical');
#3517=PRODUCT_CONTEXT('',#3520,'mechanical');
#3518=PRODUCT_CONTEXT('',#3520,'mechanical');
#3519=APPLICATION_PROTOCOL_DEFINITION('international standard',
'ap242_managed_model_based_3d_engineering',2011,#3520);
#3520=APPLICATION_CONTEXT('managed model based 3d engineering');
ENDSEC;
END-ISO-10303-21;
